# Vulkan GNN cloth PoC processed simulation mesh
# Coordinates: right-handed, Y-up, meters; waist is near Y=0
# Pinned waist-loop vertices (zero-based): 642,643,644,645,646,647,648,649,650,651,652,653,654,655,656,657,658,659,660,661,662,663,664,665,666,667,668,669,670,671,672,673,674,675,676,803,804,805,806,807,808,809,810,811,812,813,814,815,816,817,818,819,820,821,822,823,824,825,826,827,828,829,830,831,832,833,834,835,836,837,838,839
o CH10032_lower_sim
v -0.00503647947 -0.84310788 0.0763703308
v 0.027162426 -0.842874908 0.073154583
v 0.0594488602 -0.842405914 0.0702983513
v 0.0907542725 -0.841525009 0.0620715408
v 0.121048134 -0.840375671 0.050639782
v 0.149152809 -0.838942566 0.0345464144
v 0.175233788 -0.837389786 0.0154388132
v 0.199245003 -0.835716568 -0.00627081299
v 0.197324669 -0.79956781 -0.00467747116
v -0.18705027 -0.798962952 -0.0217263565
v -0.185259361 -0.834889923 -0.0257261925
v -0.174811714 -0.837457932 0.00480863762
v -0.15689431 -0.839520569 0.0316876507
v -0.131021217 -0.840982651 0.051196373
v -0.101149223 -0.842006165 0.0637536469
v -0.0696931839 -0.842702637 0.0714327202
v -0.037426672 -0.843055252 0.0746716881
v -0.143408989 -0.806003372 0.04321731
v -0.163723518 -0.802016052 0.0238144596
v -0.177359688 -0.797840515 0.00223741913
v -0.0846685333 -0.807405106 0.0676258774
v -0.112242493 -0.804460312 0.0594719696
v -0.0211559429 -0.807361847 0.0752200699
v -0.0531046638 -0.807549545 0.0729079781
v 0.0427883492 -0.807330017 0.0718804932
v 0.104757027 -0.806351959 0.0563092232
v 0.130707771 -0.802851563 0.0445858917
v 0.0742587662 -0.807032043 0.0659891014
v 0.160816307 -0.804144547 0.0258997381
v 0.179694542 -0.804372452 0.0110414248
v 0.0104038448 -0.80685672 0.0748208885
v -0.00675589797 -0.829539795 -0.101478729
v 0.0251127472 -0.829479004 -0.105653297
v 0.0537581482 -0.829376205 -0.120433174
v 0.0851552582 -0.829242584 -0.127463448
v 0.11625547 -0.829561737 -0.119107079
v 0.138716728 -0.830587708 -0.096034668
v 0.151209526 -0.83171077 -0.0664181061
v 0.162982109 -0.832673569 -0.0364992867
v 0.163051643 -0.796468597 -0.0361183586
v 0.16339547 -0.76032489 -0.0352289848
v 0.160862495 -0.760120575 -0.0413165741
v 0.149009865 -0.75911438 -0.0695841064
v 0.134987755 -0.758057861 -0.096835556
v 0.112326653 -0.757258698 -0.117461403
v 0.0824398804 -0.75690329 -0.124214699
v 0.0526304016 -0.756991455 -0.117052864
v 0.0235085888 -0.757086365 -0.107457863
v -0.00692089368 -0.757168732 -0.103768394
v -0.0369248066 -0.757298218 -0.11005735
v -0.0661776047 -0.757412018 -0.119230278
v -0.0966740417 -0.75762915 -0.122350945
v -0.125159981 -0.758271637 -0.111092735
v -0.145785515 -0.759120178 -0.0884271469
v -0.162102211 -0.760009003 -0.0624761124
v -0.179376152 -0.760802826 -0.0371463547
v -0.183218712 -0.760960571 -0.0317872849
v -0.182749428 -0.797111542 -0.0322445183
v -0.182640816 -0.833334656 -0.0321588402
v -0.16398275 -0.832593018 -0.0583335876
v -0.1486744 -0.831705551 -0.0866241226
v -0.128342636 -0.830699371 -0.11157296
v -0.0990604935 -0.830039825 -0.124809441
v -0.0668871574 -0.829734711 -0.123136986
v -0.0380265541 -0.829720764 -0.108934868
v 0.128102684 -0.795768463 -0.106830833
v 0.143357536 -0.794407593 -0.0830838547
v 0.153463585 -0.792286407 -0.0596142731
v 0.0694094009 -0.794335999 -0.123108055
v 0.0980438766 -0.792323029 -0.123900032
v 0.00907172203 -0.79377832 -0.104033699
v 0.0395083694 -0.794105103 -0.112719353
v -0.0832545547 -0.794913361 -0.123346565
v -0.111624092 -0.79324646 -0.119258369
v -0.0525393295 -0.79440921 -0.115741692
v -0.139102409 -0.796883545 -0.0983012772
v -0.154710716 -0.795404205 -0.0747714157
v -0.168229958 -0.793111328 -0.0531058273
v -0.0220663643 -0.793476227 -0.105579857
v -0.00481040716 -0.95926973 0.0703358879
v -0.037556036 -0.959478081 0.0692471123
v -0.070067421 -0.959400497 0.0652369385
v -0.101923035 -0.959008797 0.0576448784
v -0.131862762 -0.958205322 0.0444100838
v -0.156646217 -0.956840942 0.0230573623
v -0.170207237 -0.954730278 -0.00666850471
v -0.173463081 -0.951690155 -0.0391113968
v -0.175688683 -0.922407745 -0.0358455658
v -0.1779636 -0.8931147 -0.0326463165
v -0.180261681 -0.863795425 -0.0294888649
v 0.200678017 -0.865294128 -0.00746534729
v 0.201751472 -0.894884369 -0.0082720356
v 0.202821037 -0.924439865 -0.00905568886
v 0.203782494 -0.953965446 -0.0100811081
v 0.178563255 -0.955287544 0.0107478237
v 0.151806297 -0.956557617 0.0295741477
v 0.122849419 -0.957653648 0.0448239155
v 0.0921679611 -0.958499954 0.0562572212
v 0.0603454819 -0.959064301 0.0639818497
v 0.0279114037 -0.959339439 0.0686128044
v -0.166663521 -0.906052368 0.01334799
v -0.175060432 -0.910127472 -0.011654007
v -0.173838387 -0.933622246 -0.0163589401
v -0.175602654 -0.878002884 -0.00150490379
v -0.117637268 -0.900243393 0.0558158607
v -0.0543602371 -0.901352127 0.0719636688
v 0.0443894539 -0.901100098 0.0708037262
v 0.137325127 -0.898519974 0.041120903
v -0.165809288 -0.934103912 0.0108534508
v -0.144261971 -0.921759705 0.0383102865
v -0.15955497 -0.87460704 0.0271321449
v -0.179715981 -0.855914078 -0.00847584724
v -0.117392273 -0.932116669 0.0537000942
v -0.0864521027 -0.916756271 0.0648883286
v -0.105318779 -0.916440659 0.0591870155
v -0.117127769 -0.868279648 0.0578239632
v -0.14059005 -0.867173065 0.0448649712
v -0.0928508453 -0.885351776 0.0649332352
v -0.145581444 -0.893932343 0.0394362068
v -0.0752371979 -0.897680954 0.0689307022
v -0.0609911613 -0.871684891 0.0730276299
v -0.0824789276 -0.863364731 0.0688195152
v -0.0540859413 -0.933092987 0.0697907372
v -0.0162033873 -0.91714209 0.0738943443
v -0.0671649437 -0.917172958 0.0690497513
v -0.0380974598 -0.917239883 0.0725569115
v 0.0764881668 -0.921803192 0.0634542503
v 0.0759965591 -0.87892186 0.0665018921
v 0.043630146 -0.869237045 0.0704261169
v 0.00899962616 -0.886128006 0.0750202408
v 0.0572876053 -0.884779373 0.0704471664
v 0.0627494965 -0.863544769 0.0705383644
v 0.0295221825 -0.885570099 0.0719827232
v 0.0443147202 -0.932857872 0.0688844872
v 0.0633736267 -0.937882797 0.0652435493
v 0.0576441956 -0.916873947 0.0681192856
v 0.0180938473 -0.91709111 0.0725602188
v 0.164774651 -0.918695511 0.0220076192
v 0.185080681 -0.91079657 0.00636610031
v 0.167675072 -0.877437714 0.0211270564
v 0.17859388 -0.93217765 0.0112788954
v 0.171898918 -0.898656067 0.017304399
v 0.186329842 -0.881108322 0.00572277832
v 0.185385475 -0.857052505 0.0071019392
v 0.136497856 -0.866492371 0.0430556087
v 0.108679565 -0.884279449 0.055759182
v 0.150237694 -0.881540436 0.033538249
v 0.117457626 -0.863239777 0.0527045727
v 0.137448128 -0.930480576 0.039282877
v 0.154101158 -0.93519902 0.0290688119
v 0.148874641 -0.914021729 0.0333584652
v 0.114268082 -0.915327621 0.051381918
v 0.0939483414 -0.904425003 0.059494339
v -0.145202461 -0.943935799 0.0357065353
v -0.166877739 -0.854528625 0.0177425861
v -0.0862618561 -0.941660614 0.0633940163
v -0.0213617296 -0.941568382 0.071804512
v 0.00136218548 -0.934905884 0.0723220825
v 0.0112621555 -0.861040253 0.0754601669
v -0.0213617964 -0.873488342 0.0763408279
v -0.0414595757 -0.882399246 0.0735914917
v 0.000963912964 -0.905938934 0.0744076195
v 0.16318412 -0.854354034 0.025064595
v 0.0945722122 -0.865796448 0.0612201042
v 0.107742554 -0.939787971 0.0524577179
v -0.00656365401 -0.945730927 -0.0991732559
v 0.0251650772 -0.946065781 -0.106301765
v 0.0545546722 -0.946227959 -0.120235847
v 0.0851550369 -0.946198067 -0.131249245
v 0.117047058 -0.946624443 -0.124921989
v 0.137779198 -0.948216713 -0.0999180984
v 0.151173653 -0.949651352 -0.0703155594
v 0.162308327 -0.950989296 -0.039787159
v 0.16259742 -0.921443161 -0.0388488197
v 0.162831841 -0.89187648 -0.0379094276
v 0.163011086 -0.862291748 -0.0369398193
v -0.182892799 -0.862965118 -0.0325451126
v -0.182671577 -0.892572525 -0.03327491
v -0.182443321 -0.922158157 -0.0340655136
v -0.182228508 -0.951717842 -0.0349687347
v -0.16117289 -0.95053022 -0.0597635803
v -0.146096214 -0.949373947 -0.0885820694
v -0.127058495 -0.947997261 -0.114923592
v -0.0982537766 -0.946755569 -0.129967339
v -0.0661774483 -0.946563087 -0.124609642
v -0.0374305401 -0.946261185 -0.109400536
v 0.146124886 -0.899134766 -0.0836149979
v 0.154952232 -0.90594841 -0.0595565948
v 0.155493645 -0.929850479 -0.0584841995
v 0.152520699 -0.872787659 -0.0649522324
v 0.10204245 -0.887924591 -0.128503731
v 0.040306179 -0.887904037 -0.112766838
v -0.0827040939 -0.888418106 -0.127469887
v -0.155674644 -0.900161316 -0.0734405899
v -0.16794622 -0.906783951 -0.0508712234
v -0.164841911 -0.873662598 -0.056244545
v -0.158670952 -0.925128082 -0.0660252914
v -0.169988579 -0.932600746 -0.0489534454
v -0.0229380178 -0.887788345 -0.102365891
v 0.145718651 -0.92712204 -0.0846716843
v 0.128186073 -0.911632706 -0.113147697
v 0.140364845 -0.866265671 -0.0951995697
v 0.155414207 -0.851684143 -0.0552023087
v 0.101787819 -0.919807281 -0.129888832
v 0.0695932693 -0.903661072 -0.126803368
v 0.0890701599 -0.903772812 -0.129078728
v 0.101595055 -0.855944733 -0.127211739
v 0.124695915 -0.856101608 -0.114320641
v 0.0760440216 -0.872371201 -0.127314125
v 0.128621025 -0.883669174 -0.111863197
v 0.0586113586 -0.884531647 -0.123023369
v 0.0455806427 -0.858302612 -0.116925865
v 0.0657408676 -0.850049332 -0.125443733
v 0.0402866135 -0.919664642 -0.112584892
v 0.00975066948 -0.903560303 -0.101333359
v 0.0515698547 -0.903838257 -0.119030632
v 0.028586174 -0.903729721 -0.106989189
v -0.082162262 -0.92010022 -0.128474464
v -0.119521164 -0.905212448 -0.120177849
v -0.0516557121 -0.903936066 -0.117685844
v -0.0986735764 -0.90459166 -0.126963463
v -0.0694867516 -0.904100128 -0.12603936
v -0.0825465927 -0.856477875 -0.127064491
v -0.0575810356 -0.872744171 -0.121062294
v -0.11058606 -0.872343979 -0.123109352
v -0.0421766205 -0.88458046 -0.111146858
v -0.0402490997 -0.857190948 -0.109012276
v -0.0569495316 -0.849803604 -0.120364738
v -0.170375404 -0.852474503 -0.0480024567
v -0.15560421 -0.854161362 -0.0726767197
v -0.0230372696 -0.919573807 -0.102328842
v -0.0417769432 -0.923740021 -0.112295586
v -0.00995622015 -0.903728745 -0.101435883
v 0.129064262 -0.9338358 -0.11296209
v 0.14594001 -0.847611633 -0.0821773911
v 0.0693318329 -0.928566498 -0.127154274
v 0.00950823212 -0.864434662 -0.101724243
v 0.0297731133 -0.869061234 -0.106704659
v 0.00981181335 -0.928384689 -0.101137192
v -0.114145905 -0.929404709 -0.123907753
v -0.138368736 -0.921240601 -0.101757164
v -0.139791512 -0.878321472 -0.100779396
v -0.145239876 -0.855368286 -0.0933876419
v -0.114506401 -0.847924561 -0.120675652
v -0.131436104 -0.858727234 -0.110433067
v -0.0604577789 -0.92457962 -0.12253849
v 0.00942749023 -0.842537552 -0.10181221
v -0.0159741335 -0.861180206 -0.101521034
v -0.149392738 -0.927384369 -0.0847868805
v -0.125800476 -0.884683304 -0.114884331
v -0.0227443113 -0.84143924 -0.103765602
v -0.145297539 -0.900243622 -0.0932497787
v -0.151904915 -0.876995773 -0.0811104126
v 0.15634623 -0.132345276 7.78751373e-05
v 0.16917672 -0.173702209 -0.0141725159
v 0.184099602 -0.213893982 -0.0296059189
v 0.178757927 -0.259050903 -0.0263884888
v 0.17365844 -0.304295837 -0.0237187881
v 0.17072979 -0.349819336 -0.0235040016
v 0.16829351 -0.395372986 -0.0237840309
v 0.167244804 -0.440971008 -0.0251193275
v 0.166282494 -0.486574951 -0.0264740715
v 0.1655989 -0.532188232 -0.0279295044
v 0.164920601 -0.577804047 -0.0293465691
v 0.164457298 -0.623428772 -0.0308222275
v 0.164039101 -0.669061584 -0.0322803192
v 0.163747108 -0.714697632 -0.0337856712
v -0.184103371 -0.715325928 -0.0309992867
v -0.184971397 -0.669682739 -0.0301590614
v -0.185945595 -0.624043274 -0.0294065704
v -0.187028526 -0.57840686 -0.0287272797
v -0.188670509 -0.53278894 -0.0285809746
v -0.190780602 -0.487202576 -0.0289850693
v -0.193245079 -0.44165094 -0.0298186989
v -0.196054512 -0.396143311 -0.0311847382
v -0.1992528 -0.350698608 -0.0330452919
v -0.202444984 -0.305269592 -0.0347466431
v -0.203782494 -0.259754028 -0.033457283
v -0.19763755 -0.215609619 -0.024041851
v -0.181489479 -0.175746704 -0.00896836281
v -0.170917259 -0.133354309 0.00398690224
v 0.161166588 -0.714482788 -0.0398504143
v 0.161378181 -0.668842926 -0.0383101006
v 0.161695213 -0.623207184 -0.0368068275
v 0.162023689 -0.577577606 -0.0352674522
v 0.162542717 -0.531957214 -0.0337698441
v 0.163025444 -0.486337402 -0.0322047844
v 0.163739418 -0.440727417 -0.0307017708
v 0.164459114 -0.395129456 -0.0291463509
v 0.166531258 -0.349567932 -0.0285870132
v 0.169089943 -0.304041626 -0.0284721756
v 0.174132515 -0.258818848 -0.0310903206
v 0.179625755 -0.213696411 -0.0344555244
v 0.166003288 -0.172726257 -0.0198764725
v 0.154737007 -0.130730164 -0.00611981773
v 0.146279716 -0.0881182251 0.0079280529
v 0.141231621 -0.0591097412 0.0133898907
v -0.155379189 -0.0600544434 0.0164920759
v -0.160917244 -0.0889725342 0.0112071619
v -0.169600609 -0.131751648 -0.0022827034
v -0.178928078 -0.17453656 -0.0149288635
v -0.194105385 -0.214925598 -0.0295764008
v -0.198961128 -0.259457031 -0.0379574051
v -0.197017143 -0.30500769 -0.0384885292
v -0.193745277 -0.350449585 -0.0366723289
v -0.190587532 -0.395909973 -0.0348718491
v -0.187908943 -0.441433472 -0.0336916885
v -0.18561866 -0.486996643 -0.0330872955
v -0.183754814 -0.532596436 -0.032974514
v -0.182411537 -0.578224182 -0.0334334641
v -0.181619026 -0.623866272 -0.0343807411
v -0.180872032 -0.669508484 -0.0353220406
v -0.18016494 -0.715156464 -0.0362864685
v -0.00838530207 -0.323025879 -0.107362862
v 0.116891846 -0.13461853 -0.0836791229
v -0.0994036713 -0.19050647 -0.104242508
v -0.141763756 -0.117024292 -0.0676302185
v 0.0783324814 -0.0851258545 -0.0918549728
v 0.119716774 -0.0775842896 -0.059132019
v -0.0848781586 -0.101329956 -0.099022171
v 0.155166222 -0.736797089 -0.0547512817
v 0.124784447 -0.647569 -0.104626724
v -0.0832905502 -0.558760071 -0.116801613
v -0.136492729 -0.648598297 -0.0971522675
v -0.171072411 -0.737581024 -0.0493416443
v 0.0992767334 -0.322363037 -0.107833336
v -0.112891594 -0.368878845 -0.108464684
v 0.143262901 -0.14463147 -0.0496963501
v -0.14580233 -0.233345886 -0.071143837
v -0.155912514 -0.103026062 -0.0298409729
v 0.14306205 -0.598800079 -0.0763120728
v 0.124979164 -0.704859375 -0.10675692
v 0.142926643 -0.716454681 -0.0810366364
v 0.0676054382 -0.668515015 -0.119481514
v -0.139138084 -0.507397278 -0.0894827957
v -0.0225349207 -0.639358978 -0.106449654
v -0.136688194 -0.705882843 -0.099133255
v -0.154624153 -0.717424133 -0.0733776474
v -0.15954908 -0.645646149 -0.0644865341
v -0.082286644 -0.669082916 -0.118870399
v 0.137295097 -0.324422668 -0.0704653778
v 0.110952065 -0.459996582 -0.108987633
v -0.150112648 -0.370987976 -0.0678014603
v 0.152357231 -0.149006958 -0.0282901497
v 0.157619728 -0.189238098 -0.0523316422
v 0.142553383 -0.103072571 -0.0276588707
v -0.175062965 -0.235312866 -0.054268959
v -0.162716499 -0.107024109 -0.00950418854
v -0.149560799 -0.0670649414 -0.0113013878
v -0.138466591 -0.0682329102 -0.0445124588
v -0.163047829 -0.148147156 -0.0342767105
v 0.148796715 -0.553648285 -0.0620479736
v 0.153613655 -0.59971109 -0.0536165619
v 0.148460457 -0.646632629 -0.0667389603
v 0.124841789 -0.735917053 -0.107685478
v 0.0980725555 -0.716728943 -0.121878563
v 0.13731649 -0.67688205 -0.0884346542
v 0.152142357 -0.690869293 -0.0606179047
v 0.0379406853 -0.704499298 -0.112138313
v -0.156801308 -0.554154236 -0.0653624802
v -0.156722511 -0.4628078 -0.0618815613
v -0.0223029776 -0.700386902 -0.106262123
v -0.136425941 -0.736941376 -0.0999015808
v -0.112356918 -0.717621094 -0.118197884
v -0.167183327 -0.691695892 -0.0550298233
v -0.169218666 -0.662790802 -0.0512911072
v -0.148744759 -0.677872009 -0.0806850815
v -0.164244514 -0.600229034 -0.0562912292
v 0.151716316 -0.325785278 -0.0459296112
v 0.14514077 -0.378125916 -0.0610754089
v 0.143960167 -0.272146606 -0.0551268768
v 0.14501606 -0.347622192 -0.0595770416
v 0.153961876 -0.294080566 -0.0429107819
v 0.141283211 -0.461732483 -0.0716058044
v -0.170822533 -0.372113098 -0.0475029831
v -0.161784203 -0.317563599 -0.0563146362
v -0.159042915 -0.414909424 -0.0582611694
v -0.160280296 -0.348630737 -0.0563325424
v -0.172774925 -0.401778259 -0.045168663
v 0.129013206 -0.179070679 -0.0717564545
v 0.133657555 -0.110051392 -0.0549595184
v 0.131980736 -0.138006287 -0.0676948853
v 0.120264107 -0.105753723 -0.0726967163
v 0.0997378464 -0.107769531 -0.0897362442
v 0.0505961533 -0.213745605 -0.106250435
v 0.00472136497 -0.128842896 -0.0953332748
v 0.00426219559 -0.0776557007 -0.0724378738
v 0.099110054 -0.0707736816 -0.0759147797
v 0.0815819778 -0.165885559 -0.102490486
v 0.0764007263 -0.0516508179 -0.0750881119
v 0.107979805 -0.0482200928 -0.0584539185
v 0.0972974472 -0.14114679 -0.0969881058
v 0.108795471 -0.182587219 -0.0945154037
v 0.0464815521 -0.0641418457 -0.0842718353
v 0.133988853 -0.0657484131 -0.0137311478
v 0.13076104 -0.0785808105 -0.0376417618
v 0.122132057 -0.0501593018 -0.0413389015
v -0.190191231 -0.236212097 -0.0425063477
v -0.142699364 -0.0510132446 -0.0260609131
v -0.146659996 -0.0973387451 -0.0490257263
v -0.162260216 -0.188145569 -0.061721756
v 0.157218712 -0.554363129 -0.0445717392
v 0.11642215 -0.542842041 -0.10833889
v 0.149937706 -0.508119629 -0.0573712311
v 0.156615547 -0.645612152 -0.048580246
v 0.137362877 -0.631247742 -0.0860558777
v 0.120806114 -0.595143951 -0.106347237
v 0.1066735 -0.675753265 -0.118232689
v 0.0856873016 -0.688861908 -0.120607674
v 0.0380377693 -0.735439178 -0.112135185
v 0.008343606 -0.716867218 -0.104294205
v -0.171119484 -0.554899323 -0.0463679733
v -0.163751335 -0.508873657 -0.054210434
v -0.172614861 -0.463612305 -0.0441876984
v -0.0221891804 -0.733132507 -0.106168785
v -0.0516255684 -0.715992187 -0.114935799
v -0.120741486 -0.676695251 -0.113561806
v -0.100182137 -0.689627014 -0.118829506
v -0.0765123291 -0.706119843 -0.119690956
v -0.169051704 -0.627857513 -0.0506112137
v -0.141823204 -0.595124268 -0.0872418976
v 0.155716713 -0.37171051 -0.0415613785
v 0.151394295 -0.416941711 -0.0513744812
v 0.152325371 -0.451887207 -0.0509127884
v 0.134993446 -0.415839783 -0.0811233902
v 0.154856148 -0.232371399 -0.0474954834
v -0.180769478 -0.32696759 -0.0455448303
v -0.177048058 -0.281130249 -0.0515222397
v -0.149253426 -0.278601746 -0.0669104691
v -0.13388842 -0.416101868 -0.0923464279
v 0.145435219 -0.170739014 -0.0611196365
v 0.118993538 -0.162980042 -0.0839820099
v 0.123708763 -0.238692932 -0.0843723755
v 0.0848665771 -0.215920837 -0.104182556
v 0.0575626831 -0.0432115479 -0.0768396606
v 0.0463547134 -0.122742676 -0.104065407
v 0.0726650314 -0.129760193 -0.103901276
v -0.162074593 -0.217705505 -0.0639261932
v -0.178926918 -0.201349548 -0.0461858978
v 0.134641228 -0.561140106 -0.0882866898
v 0.0674291458 -0.721421997 -0.120665016
v 0.00286452484 -0.669779846 -0.10415416
v -0.176708611 -0.509470154 -0.0401828232
v -0.151212593 -0.49371106 -0.0711412888
v -0.139222603 -0.460069031 -0.0877213211
v -0.149713722 -0.526221863 -0.0744944458
v -0.134263832 -0.552381897 -0.0964280319
v -0.0460078468 -0.669963928 -0.113253563
v -0.0815617142 -0.736028351 -0.12096032
v -0.152698738 -0.61647879 -0.0733055344
v -0.153564644 -0.583951874 -0.0708496628
v 0.15350544 -0.48109198 -0.0497150955
v 0.14345237 -0.432883728 -0.067007576
v 0.128081108 -0.448750549 -0.0914000549
v 0.129303917 -0.500138916 -0.0926734238
v 0.125776863 -0.366413086 -0.091406189
v 0.157703194 -0.259977295 -0.0427146225
v 0.137706749 -0.212494141 -0.0622327957
v -0.164823708 -0.260638977 -0.0599027557
v -0.109535568 -0.271481323 -0.106380775
v -0.135784233 -0.325485229 -0.0847374115
v -0.145909798 -0.402406372 -0.0748632202
v -0.133980263 -0.374350159 -0.0906181717
v -0.14807119 -0.436013489 -0.0733351669
v -0.125592178 -0.346982361 -0.0979800339
v -0.118483757 -0.308980286 -0.10267717
v -0.132962631 -0.288241028 -0.08614534
v -0.0645377426 -0.319658752 -0.10882502
v -0.0912617416 -0.303752625 -0.111517204
v -0.0630360565 -0.242602295 -0.107270058
v -0.0874318085 -0.347032104 -0.112893211
v -0.0694504166 -0.280830139 -0.108228523
v -0.107924919 -0.336229736 -0.108772346
v -0.0872590027 -0.253975281 -0.108667259
v -0.030042675 -0.274858093 -0.107639671
v -0.110366455 -0.22942804 -0.103912537
v -0.0820762177 -0.217666687 -0.107082375
v -0.0484021873 -0.295488708 -0.107534859
v -0.0368368244 -0.335116211 -0.107439491
v -0.129083031 -0.192731567 -0.08530233
v -0.0565348587 -0.157817261 -0.109010277
v -0.0272695007 -0.30646991 -0.107479469
v 0.00723933601 -0.473853394 -0.106951637
v -0.115829254 -0.202825806 -0.0982119293
v -0.0749526138 -0.182496338 -0.106306709
v -0.00797458047 -0.400011414 -0.106704918
v -0.0935295563 -0.145474487 -0.103553459
v -0.0447898064 -0.202816772 -0.107906914
v -0.0159125547 -0.361567932 -0.107141747
v -0.0559163589 -0.399595642 -0.109833153
v -0.0590230484 -0.359375061 -0.10922805
v -0.031994503 -0.38935321 -0.107422874
v -0.0316256847 -0.450343201 -0.10776516
v -0.0387375202 -0.419886597 -0.108124504
v 0.121657478 -0.205455078 -0.0844101257
v 0.107515144 -0.224874207 -0.0991048126
v 0.107534668 -0.274566284 -0.102320099
v 0.0684694977 -0.193041748 -0.104945053
v 0.0406684456 -0.168962158 -0.107145958
v 0.0608960876 -0.156708496 -0.10563398
v 0.0915078506 -0.18984021 -0.101280861
v 0.0561658249 -0.0932908325 -0.0978027267
v 0.0263113022 -0.0912028809 -0.0936087265
v 0.0245199585 -0.121237854 -0.101368645
v 0.01011273 -0.102261108 -0.0860326157
v -0.17311982 -0.174758362 -0.0349431419
v 0.0571177826 -0.69498407 -0.118045311
v -0.0185468473 -0.669859009 -0.105700081
v 0.0346845055 -0.57581839 -0.110016258
v 0.0192779884 -0.690010498 -0.10713456
v 0.0351768837 -0.637457977 -0.110662437
v 0.0412744446 -0.670524017 -0.112778221
v -0.0970589142 -0.482483826 -0.11552639
v -0.0689335632 -0.448926025 -0.112842812
v -0.114254906 -0.594244049 -0.11535569
v -0.11626371 -0.635737793 -0.11532914
v -0.130884666 -0.616532959 -0.102239624
v -0.083579071 -0.618551117 -0.117972832
v 0.130109474 -0.5315047 -0.0932818604
v 0.135634163 -0.385708679 -0.0790704727
v 0.135578148 -0.24545874 -0.0653870926
v 0.128955986 -0.283336243 -0.0812286987
v -0.146914391 -0.30902887 -0.0702117386
v -0.0714131927 -0.129766113 -0.105812721
v -0.040036377 -0.0816504517 -0.0892296066
v -0.0179089003 -0.100807983 -0.0828435211
v -0.060554348 -0.0990007324 -0.0993886261
v -0.07155896 -0.0606347046 -0.0834541931
v -0.115936638 -0.162488342 -0.0949219666
v -0.138247856 -0.155271057 -0.0784417343
v -0.11652282 -0.114448792 -0.0904624481
v -0.14598185 -0.182798096 -0.0744925308
v -0.153119087 -0.145587341 -0.0580070114
v -0.0372380848 -0.238778625 -0.107775108
v 0.00109570503 -0.202615234 -0.110391747
v -0.021855689 -0.212587463 -0.109905067
v -0.0201703529 -0.161623657 -0.111767189
v -0.0866073456 -0.392507935 -0.114008644
v 0.0604355545 -0.281778503 -0.107739876
v 0.00638690758 -0.626104095 -0.104701958
v -0.116854553 -0.519836121 -0.112108528
v -0.117469826 -0.447913452 -0.1092071
v -0.129520287 -0.581955841 -0.102358162
v -0.114916229 -0.5569711 -0.114248817
v -0.0956711273 -0.644374603 -0.11848838
v -0.0922681274 -0.588496918 -0.117199684
v -0.0520273247 -0.624386719 -0.113773735
v -0.0645749702 -0.588517853 -0.115306587
v -0.0376279488 -0.525012634 -0.108794884
v -0.0571009827 -0.551173218 -0.113201393
v -0.0757432861 -0.515277649 -0.115152962
v -0.0215573778 -0.579840912 -0.106493477
v -0.0421226959 -0.594321747 -0.110600319
v -0.0360556831 -0.556462158 -0.10881266
v 0.141734108 -0.527986938 -0.073863266
v 0.138420387 -0.295876526 -0.065966507
v 0.121963982 -0.318530457 -0.092700592
v -0.12607827 -0.082008667 -0.0708691483
v -0.124673599 -0.0497941284 -0.0571944199
v 0.0266843987 -0.200303101 -0.107449837
v 0.0248824081 -0.257307617 -0.106975945
v -0.0026281023 -0.244084717 -0.108575691
v 0.0325918198 -0.229194763 -0.106828636
v 0.0526013794 -0.248676941 -0.106647041
v 0.00318819904 -0.284868469 -0.107613701
v 0.0128008575 -0.225755798 -0.108054756
v 0.0322612038 -0.301063293 -0.106814064
v 0.0276859818 -0.363792542 -0.107576118
v 0.00564592552 -0.373261841 -0.107108849
v 0.0075077734 -0.164065613 -0.113002129
v -0.0391522408 -0.174262024 -0.111651558
v -0.0181677151 -0.129135254 -0.101746346
v -0.0396102715 -0.114238647 -0.0997943649
v -0.0734906082 -0.417892639 -0.112741264
v -0.0934469604 -0.440152161 -0.114844978
v 0.0851906204 -0.291194092 -0.107728767
v 0.0864009552 -0.253566467 -0.105843971
v 0.0253555336 -0.606828522 -0.108230766
v 0.00304603767 -0.589505371 -0.104998688
v -0.0139421597 -0.609923737 -0.105576103
v -0.121146912 -0.484062744 -0.108176857
v -0.113569351 -0.408614258 -0.109788643
v -0.0639932899 -0.651269165 -0.116101143
v -0.0957244644 -0.53098114 -0.11605201
v -0.0738808289 -0.481748718 -0.114213646
v -0.100576385 -0.0706835327 -0.0832434921
v -0.0874558029 -0.0449376831 -0.0756960754
v 0.0409577293 -0.274735657 -0.106760368
v 0.0610728226 -0.337099304 -0.109383934
v 0.0686884384 -0.309196899 -0.109059822
v 0.025401825 -0.14946521 -0.110481178
v 0.00852794266 -0.531961914 -0.106350777
v -0.0130618143 -0.547310333 -0.105554085
v -0.105164803 -0.0476990967 -0.0651031113
v 0.0148467636 -0.562608368 -0.106587318
v 0.0914122009 -0.624759186 -0.117864754
v 0.107627495 -0.64484314 -0.117207054
v 0.140569145 -0.493399109 -0.0742103348
v 0.107495697 -0.502470825 -0.11271035
v 0.0731955566 -0.544011963 -0.115971092
v 0.0954467545 -0.531896667 -0.116353615
v 0.0945703506 -0.577660034 -0.117757072
v 0.112828926 -0.570552124 -0.112064888
v 0.104553505 -0.602812836 -0.116941231
v 0.0639192963 -0.597243164 -0.117038353
v 0.0829938736 -0.599835846 -0.117907967
v 0.0672485275 -0.632702789 -0.118512016
v 0.0560192451 -0.56608905 -0.11524633
v 0.0426821404 -0.518561951 -0.110860252
v 0.0727858582 -0.492195129 -0.115776955
v 0.0928683319 -0.477860168 -0.114070869
v 0.0608614197 -0.420083557 -0.111959908
v 0.0723702774 -0.454139465 -0.11455381
v 0.0258321419 -0.415403809 -0.107942238
v 0.0451283417 -0.390973083 -0.10907177
v 0.0484440765 -0.361134766 -0.108748314
v 0.0029175005 -0.43552771 -0.106745094
v -0.0111737289 -0.458489197 -0.106135521
v -0.0152266588 -0.499548401 -0.105938744
v -0.0175971375 -0.427381409 -0.106653679
v -0.0401553268 -0.486703308 -0.108853706
v -0.0552428894 -0.508050903 -0.111971397
v -0.0504614334 -0.461169861 -0.110305748
v 0.110679268 -0.408443604 -0.106414711
v 0.0871947403 -0.422301636 -0.114069725
v 0.0791529541 -0.376369812 -0.11265638
v 0.0828603134 -0.344314148 -0.110744301
v 0.106013321 -0.358057312 -0.106305199
v 0.0985988007 -0.385307617 -0.110724617
v -0.0482646408 -0.0509970703 -0.0811013412
v 0.0214050484 -0.502334351 -0.107681099
v 0.0396317329 -0.461665039 -0.109431938
v 0.0424882736 -0.432396912 -0.109380608
v 0.0628044891 -0.518281494 -0.115242149
v 0.051093338 -0.488940857 -0.11184919
v 0.020804987 -0.0549324951 -0.0804896393
v -0.127948776 -0.249620178 -0.0888772888
v -0.132146202 -0.221626892 -0.0835072403
v -0.0220666437 -0.0640379028 -0.0658613052
v -0.00373335028 -0.0544537964 -0.059496582
v 0.0166896439 -0.33042688 -0.107095329
v 0.0390055771 -0.331863831 -0.107656914
v -0.135058037 -0.0114486084 0.0235246636
v -0.133633003 -0.00947497559 0.0141209574
v -0.131246056 -0.00739941406 0.00486119461
v -0.127718925 -0.00544458008 -0.0041830883
v -0.123353218 -0.00373339844 -0.0130063019
v -0.118082664 -0.00249621582 -0.0211418114
v -0.11164743 -0.00163903809 -0.0285038681
v -0.104346611 -0.000802124023 -0.0346600456
v -0.0959953384 -0.000370727539 -0.0396318436
v -0.0869339294 -0.000447753906 -0.0431014709
v -0.077438942 -0.00109521484 -0.0452036667
v -0.0677111206 -0.00212854004 -0.0461298676
v -0.0580075455 -0.00302026367 -0.0468603058
v -0.0481979904 -0.0036361084 -0.0473945923
v -0.0382964115 -0.00399645996 -0.0477775269
v -0.0283760567 -0.00432678223 -0.0478571243
v -0.0184269094 -0.00451940918 -0.0478706818
v -0.00845239556 -0.00457861328 -0.0478253555
v 0.00149699211 -0.00448535156 -0.0477007904
v 0.0114813404 -0.00426318359 -0.0475390854
v 0.0214498501 -0.00398193359 -0.0473923111
v 0.0313481178 -0.00355078125 -0.0470943375
v 0.0411629066 -0.00297631836 -0.0465127869
v 0.0509957886 -0.00200671387 -0.0458469086
v 0.0607552109 -0.000678466797 -0.0449788208
v 0.070313591 -3.35693359e-05 -0.0433277359
v 0.0795605316 0 -0.040382515
v 0.0881591949 -0.000435424805 -0.0360070877
v 0.0958141556 -0.00105541992 -0.0299168854
v 0.10248307 -0.00189257812 -0.0227408943
v 0.108095589 -0.00315673828 -0.0146745796
v 0.112575188 -0.00484545898 -0.006074543
v 0.11622538 -0.00682556152 0.00295891571
v 0.118864746 -0.00905578613 0.0121102428
v 0.120500259 -0.0111115723 0.0215247183
v 0.126660118 -0.0329542236 0.017767149
v 0.127634148 -0.0294094238 0.0077027626
v 0.121780357 -0.0280703125 -0.00197864532
v 0.11787603 -0.0260056152 -0.0124838905
v 0.114751678 -0.0231235352 -0.022801487
v 0.107547035 -0.022418457 -0.0311146088
v 0.101081802 -0.0206899414 -0.0399078407
v 0.0916372147 -0.0205024414 -0.0454126587
v 0.0821718521 -0.0198378906 -0.0510808487
v 0.0719128799 -0.0194803467 -0.0553507233
v 0.0610308914 -0.020739502 -0.0571358109
v 0.0504242134 -0.0210675049 -0.0589300766
v 0.0398298607 -0.0233060303 -0.0574206848
v 0.0288511963 -0.0223388672 -0.0598667068
v 0.0177424011 -0.0223588867 -0.0602922134
v 0.00783503151 -0.024782959 -0.0555782089
v -0.00295917034 -0.0252287598 -0.0559675751
v -0.0137219958 -0.0252924805 -0.0555241165
v -0.0240153122 -0.0235980225 -0.0597282944
v -0.0350994034 -0.0225493164 -0.0602395248
v -0.0459174118 -0.0232738037 -0.0589781036
v -0.0567859535 -0.0227232666 -0.0588888168
v -0.068020916 -0.0218927002 -0.0580635605
v -0.0786605911 -0.0206877441 -0.0572811966
v -0.0889690018 -0.0203843994 -0.0545504456
v -0.0987918472 -0.0204578857 -0.0500451279
v -0.108447243 -0.0207406006 -0.0450982285
v -0.1161063 -0.0219538574 -0.0374974327
v -0.123036819 -0.0233540039 -0.0290699768
v -0.128930099 -0.0247884521 -0.0199687805
v -0.133640144 -0.0265488281 -0.0103618889
v -0.137312492 -0.0286234131 -0.000174942017
v -0.140813606 -0.0308199463 0.0103328552
v -0.141170235 -0.033567627 0.0205308197
v 0.123720161 -0.0218387451 0.0196479161
v -0.138217384 -0.0223260498 0.021792619
v 0.107583961 -0.0129301758 -0.0235275764
v 0.124826195 -0.0262427979 0.0136328659
v 0.120918922 -0.0184874268 0.00489193726
v 0.121841515 -0.0175472412 0.0127732058
v 0.0335442772 -0.0139171143 -0.0528742752
v 0.093398735 -0.0109664307 -0.0388310013
v 0.0749607697 -0.0100004883 -0.0483341217
v 0.0544030304 -0.0119073486 -0.0519446793
v 0.0125532551 -0.01472229 -0.053123909
v 0.113521301 -0.0141242676 -0.0135739594
v -0.00334359598 -0.0139033203 -0.0527172394
v -0.060909359 -0.0131888428 -0.052806633
v -0.0816148148 -0.0110332031 -0.0507781525
v -0.0188989487 -0.015163208 -0.0532775345
v -0.0399598656 -0.0146228027 -0.0531202316
v -0.123152061 -0.0136405029 -0.0218568077
v -0.132522369 -0.0170493164 -0.00313482666
v -0.10944445 -0.011487793 -0.0374456367
v -0.139295769 -0.0267802734 0.0160706077
v -0.136419884 -0.0180197754 0.0148754654
v -0.0937787704 -0.0097052002 -0.0463650818
v 0.10954583 -0.0194967041 -0.0254405594
v 0.101366982 -0.00907653809 -0.0293675919
v 0.0964952393 -0.00739379883 -0.0337799606
v 0.106770233 -0.00654077148 -0.0203795395
v 0.118938858 -0.0119029541 0.00653168488
v 0.122912453 -0.0251248779 0.00340730667
v 0.117306831 -0.0147045898 -0.00407598305
v 0.0340786209 -0.0197191162 -0.056639061
v 0.0268458023 -0.00966638184 -0.0504002762
v 0.0192845879 -0.0111402588 -0.0511929092
v 0.0246647091 -0.0169918213 -0.0544439545
v 0.0182488232 -0.0177357178 -0.054836937
v 0.0367687912 -0.00800561523 -0.0494510574
v 0.0454437294 -0.010597168 -0.0510703812
v 0.0857369156 -0.00703479004 -0.0416786346
v 0.0891585464 -0.0135108643 -0.0434659424
v 0.0794120102 -0.0063527832 -0.0444885025
v 0.0952038803 -0.0172106934 -0.0412008057
v 0.076350914 -0.0161066895 -0.051566452
v 0.0669235535 -0.00660888672 -0.0480739365
v 0.059814209 -0.00736547852 -0.0491567383
v 0.0646835938 -0.0136445312 -0.0527257309
v 0.0552747383 -0.0178543701 -0.0556882935
v 0.00668864632 -0.00994714355 -0.0505647659
v 0.0127232208 -0.0204304199 -0.0565577393
v 0.111766449 -0.00761889648 -0.0117164268
v 0.11494783 -0.0206912842 -0.0162793503
v 0.00215816689 -0.0189876709 -0.055517952
v -0.00836628723 -0.0193643799 -0.0555774002
v -0.00343124461 -0.00794091797 -0.0495297089
v -0.0537618141 -0.00938378906 -0.0504096985
v -0.046342865 -0.010746582 -0.0511360245
v -0.05173703 -0.0166237793 -0.0548406525
v -0.0619007988 -0.0191101074 -0.0564549789
v -0.0713825912 -0.0125776367 -0.0525291901
v -0.0635343437 -0.00715783691 -0.0491661987
v -0.0830466995 -0.0171049805 -0.0541143951
v -0.0830782013 -0.00508154297 -0.04680336
v -0.0134929171 -0.0100316162 -0.0506526794
v -0.0188514433 -0.0210574951 -0.0566761169
v -0.02945191 -0.0156033936 -0.0534213181
v -0.023562151 -0.00963293457 -0.0505059128
v -0.0403439293 -0.019986084 -0.0573552475
v -0.117181343 -0.00967114258 -0.0278627663
v -0.112360741 -0.00792651367 -0.0321796761
v -0.120698608 -0.0162260742 -0.0278382492
v -0.125088577 -0.020276001 -0.0236315193
v -0.128629349 -0.0159702148 -0.0131064301
v -0.122238487 -0.00716650391 -0.0186602631
v -0.134518532 -0.0237150879 -0.00458191299
v -0.130770912 -0.0105284424 -0.000825099945
v -0.102068977 -0.00758874512 -0.0406980438
v -0.105431534 -0.0140683594 -0.0423986053
v -0.111219551 -0.0178458252 -0.0398488159
v -0.135851311 -0.0205015869 0.00569823647
v -0.0923172836 -0.00373583984 -0.0433397903
v -0.0887483597 -0.0132612305 -0.0504264069
v 0.102313202 -0.0162944336 -0.0333675385
v 0.119172165 -0.0218631592 -0.00643790245
v 0.044514946 -0.0174765625 -0.0552405319
v 0.0827557449 -0.0130626221 -0.0469542084
v -0.0753031693 -0.00724536133 -0.0490681381
v -0.0341408653 -0.0099128418 -0.0507102661
v -0.115770973 -0.0151297607 -0.0333382797
v -0.12918959 -0.0119689941 -0.00730120277
v -0.0997313995 -0.0141234131 -0.0461492996
v -0.1339617 -0.0135092773 0.00835607243
v 0.126989784 -0.0340404053 0.0230097078
v 0.124106987 -0.0228509521 0.0247859516
v 0.120914848 -0.0119907227 0.0265281105
v 0.121177971 -0.0127070312 0.0315538502
v 0.120589638 -0.0138317871 0.0412248268
v 0.118691917 -0.014708374 0.0507885513
v 0.115017166 -0.0153548584 0.0599032402
v 0.109895905 -0.0161434326 0.0683405342
v 0.103486229 -0.0170544434 0.0759812202
v 0.0960400696 -0.0184765625 0.0825606117
v 0.0877502289 -0.0199694824 0.0878855896
v 0.0787419281 -0.0211286621 0.0920384293
v 0.0695806656 -0.0220970459 0.0958189163
v 0.0603394623 -0.0229321289 0.0996046524
v 0.0510677643 -0.0237004395 0.103401016
v 0.0418859177 -0.0244072266 0.107378288
v 0.0326894035 -0.0251453857 0.111291962
v 0.0229936981 -0.0255014648 0.113924339
v 0.0130171432 -0.0258594971 0.114838379
v 0.00305563545 -0.0260289307 0.114658409
v -0.00696251032 -0.0260688477 0.114592117
v -0.0169165201 -0.0260535889 0.114545479
v -0.0268753357 -0.0260112305 0.114508202
v -0.0368307438 -0.0257614746 0.11405172
v -0.0465294342 -0.0254333496 0.111603783
v -0.0557267532 -0.0248359375 0.107761993
v -0.0649210663 -0.0242644043 0.103904343
v -0.0740648727 -0.0236850586 0.10004454
v -0.0832126541 -0.0229714355 0.0962226028
v -0.0922881393 -0.0221224365 0.0923898926
v -0.101218048 -0.0210823975 0.0884514999
v -0.109549988 -0.0200063477 0.0833773155
v -0.116968941 -0.0188518066 0.0771881065
v -0.123429138 -0.0177838135 0.0697661209
v -0.128671761 -0.016661499 0.0615136986
v -0.132458733 -0.0156413574 0.0524940453
v -0.134675827 -0.0146225586 0.0430969048
v -0.135501778 -0.0132158203 0.033496314
v -0.13545269 -0.012411377 0.0285000458
v -0.13841143 -0.023347168 0.0269207602
v -0.141380409 -0.0346730957 0.0257208886
v -0.141458824 -0.0356812744 0.0308902197
v -0.141953026 -0.0363103027 0.0415137138
v -0.136221657 -0.0381346436 0.0507865982
v -0.131691322 -0.0394988403 0.0607220764
v -0.128740349 -0.0395812378 0.0717717514
v -0.121508148 -0.0406555176 0.0798515549
v -0.111539276 -0.0429509888 0.0839078522
v -0.102135963 -0.0439692993 0.089568634
v -0.0935892029 -0.0441276245 0.0964291
v -0.0826521149 -0.0455223999 0.0958834305
v -0.0722714844 -0.0456704102 0.099047905
v -0.0617579384 -0.0463204346 0.103585114
v -0.0551315269 -0.0467315063 0.112173058
v -0.0445195389 -0.0477415771 0.114205261
v -0.033585392 -0.0484933472 0.114736885
v -0.0232613697 -0.0479086304 0.11742041
v -0.0131360269 -0.0485036011 0.11377446
v -0.0023135705 -0.0484579468 0.115036316
v 0.00877295208 -0.0483978271 0.114217941
v 0.0198304882 -0.0483729248 0.11311779
v 0.030761425 -0.0468775635 0.115279816
v 0.0413359451 -0.0463829956 0.111649567
v 0.048878624 -0.0458751221 0.103043297
v 0.0594344406 -0.0452703857 0.0990163574
v 0.0703509293 -0.0441350098 0.100050774
v 0.0798927078 -0.0438823242 0.0946029892
v 0.0897681961 -0.0422810059 0.0907589111
v 0.0976808929 -0.0412926025 0.0834604874
v 0.106270981 -0.0399785767 0.0761680527
v 0.115781075 -0.0379099731 0.0701766472
v 0.118418236 -0.0381976318 0.0590384369
v 0.12299485 -0.0369642944 0.0489118938
v 0.127928383 -0.0354508057 0.0388641434
v 0.127143623 -0.0349111328 0.0282574635
v -0.13843644 -0.0242585449 0.0320505943
v 0.124231407 -0.0236843262 0.0299495144
v -0.12805777 -0.0288736572 0.0661016121
v -0.13959446 -0.0307075195 0.0365887098
v -0.136328194 -0.0262384033 0.0468937225
v -0.137159828 -0.0225102539 0.0397542515
v -0.114317505 -0.0313010254 0.0814983788
v -0.0578146935 -0.0365443115 0.10710598
v -0.0382089176 -0.0377188721 0.113859337
v -0.0867988892 -0.0345080566 0.0956852036
v -0.0176329412 -0.0379707031 0.114684685
v -0.098394455 -0.0323693848 0.0908978882
v -0.070407753 -0.0346037598 0.102192619
v 0.0442974625 -0.0360523071 0.107210281
v 0.0637173767 -0.0344443359 0.0994056854
v 0.00328590012 -0.0379766235 0.114871132
v 0.0243478222 -0.0374252319 0.113813087
v 0.122348305 -0.0255600586 0.0453138123
v 0.125536842 -0.0298865967 0.0343069601
v 0.122966225 -0.0218455811 0.0377927446
v 0.0923304062 -0.0310679932 0.0868555984
v 0.108278992 -0.0282536621 0.0733035164
v 0.0755165329 -0.0323189697 0.0941641541
v 0.114913872 -0.0267347412 0.0638467407
v -0.129152702 -0.0358928223 0.0659057159
v -0.122111244 -0.0269477539 0.0734029083
v -0.117492508 -0.0260712891 0.0781923065
v -0.127118752 -0.0216220703 0.0655767059
v -0.133169479 -0.0286199951 0.0569138794
v -0.137765663 -0.0333533936 0.0465181484
v -0.134737663 -0.019225708 0.0474379177
v -0.106925468 -0.0286569824 0.0862770119
v -0.109979813 -0.0354399414 0.0850224953
v -0.115405014 -0.0382004395 0.081420475
v -0.0584603844 -0.0431824951 0.107800026
v -0.0515222549 -0.0319853516 0.109687164
v -0.0444989738 -0.0334849854 0.112182716
v -0.0492027092 -0.0404435425 0.110578667
v -0.0606764793 -0.0297932129 0.105860275
v -0.0386696415 -0.0445910034 0.113520981
v -0.0321347198 -0.0323947754 0.114479828
v -0.0245625572 -0.0342116699 0.114569176
v -0.0301637306 -0.0406627197 0.11459198
v -0.0793992386 -0.0308120117 0.0983351593
v -0.0883378754 -0.027460083 0.0944713211
v -0.0875665741 -0.0413563232 0.0957466583
v -0.0120824203 -0.0322041016 0.114653694
v -0.00423020244 -0.0345313721 0.114791245
v -0.0100974634 -0.0404020386 0.114946648
v -0.0180077381 -0.0446826172 0.115095901
v -0.0973783951 -0.0255280762 0.0906473465
v -0.0970697708 -0.0396257324 0.0918338394
v -0.0698164406 -0.0278308105 0.102043373
v -0.0678849831 -0.0415516968 0.103396759
v 0.0377236252 -0.0316151123 0.109411552
v 0.0306791306 -0.0332047119 0.111983231
v 0.0355565681 -0.0400617676 0.110377106
v 0.0446471901 -0.0427453003 0.106944969
v 0.0541944237 -0.0359824219 0.103634064
v 0.0469773521 -0.0292805176 0.105638741
v 0.0644297562 -0.041175293 0.0992695923
v 0.0655787277 -0.0275070801 0.0980260162
v 0.0031643095 -0.0447940674 0.114934196
v 0.0136640282 -0.0384228516 0.114991592
v 0.00808656788 -0.0318024902 0.114730194
v 0.0247934437 -0.0442348022 0.113494492
v 0.124068993 -0.0324667969 0.0443922062
v 0.120757774 -0.0185479736 0.0455854244
v 0.118998482 -0.0242600098 0.0548126869
v 0.0845723267 -0.0284239502 0.0904272461
v 0.0872749557 -0.0352125244 0.0898278885
v 0.0930680084 -0.0379937134 0.0868773422
v 0.100978081 -0.0305197754 0.0807601967
v 0.0928668976 -0.0238773193 0.0855552406
v 0.109606705 -0.0353685303 0.0730498505
v 0.107781502 -0.0210443115 0.0724286461
v 0.074718132 -0.0255072021 0.0941373672
v 0.0702618103 -0.0368010864 0.0967323227
v 0.113504128 -0.0198065186 0.0641492462
v 0.115692947 -0.0340230713 0.0644186211
v -0.122661003 -0.0352088013 0.0743001328
v -0.131814102 -0.0211121826 0.0567342758
v -0.104080727 -0.0364676514 0.0886095047
v -0.0236571808 -0.0412801514 0.114649925
v -0.0776040955 -0.0392706299 0.0997381363
v 0.0580919342 -0.0300194092 0.101324699
v 0.0187554607 -0.0320985107 0.114493912
v 0.118649879 -0.0305144043 0.0585508652
v 0.0811495819 -0.0365447388 0.0926168747
v 0.103794563 -0.0244178467 0.0776554642
v -0.151726891 -0.0626766357 0.0211501006
v -0.161595924 -0.0907788696 0.0178533764
v -0.172178886 -0.135817749 0.0204832611
v -0.180007774 -0.180490112 0.021658926
v -0.183263985 -0.225345093 0.0205367949
v -0.184139351 -0.270235474 0.0175635924
v -0.185028923 -0.315162537 0.0143266592
v -0.185827263 -0.360090271 0.0110563354
v -0.186559837 -0.404992065 0.00781756306
v -0.187179253 -0.449858704 0.00455721283
v -0.187772667 -0.494696594 0.00132349777
v -0.188221825 -0.539501465 -0.00191650963
v -0.188639244 -0.584277557 -0.00511196136
v -0.188977501 -0.629013428 -0.0083200016
v -0.189127052 -0.67371048 -0.0115736465
v -0.1890355 -0.718359802 -0.0149327927
v -0.188641502 -0.762958252 -0.0184488907
v -0.186104042 -0.763417511 -0.0123803139
v -0.172123482 -0.765549866 0.0150562382
v -0.152310158 -0.767408142 0.0386603794
v -0.126308212 -0.768792969 0.0553014069
v -0.0973243408 -0.769725098 0.0660402451
v -0.0669897118 -0.77032251 0.0722175941
v -0.0361835442 -0.77066098 0.0756192741
v -0.00519592118 -0.770727112 0.0765710297
v 0.0257860985 -0.770536896 0.0752576447
v 0.056525898 -0.770077148 0.0713697166
v 0.086602684 -0.76927121 0.0640249519
v 0.115555824 -0.768138428 0.0531522617
v 0.142789345 -0.76674942 0.0385742874
v 0.168267799 -0.765233337 0.0211710267
v 0.191372871 -0.763668304 0.000757623672
v 0.196171211 -0.763356873 -0.00375133896
v 0.194429527 -0.718628937 -0.00256435394
v 0.19269622 -0.673849823 -0.0013019352
v 0.190861992 -0.629021637 1.28364563e-05
v 0.1890653 -0.584164185 0.00151920319
v 0.187157784 -0.539268799 0.00312024879
v 0.185170097 -0.49435022 0.00487443161
v 0.183115837 -0.449400574 0.00678106213
v 0.180997841 -0.404423523 0.00884549332
v 0.178565056 -0.359417603 0.0109565001
v 0.176056801 -0.314412781 0.0132971153
v 0.173328529 -0.269434875 0.0157011485
v 0.169612099 -0.224583252 0.017634233
v 0.16605497 -0.179692322 0.0187064824
v 0.158191536 -0.135024292 0.0173834014
v 0.147120445 -0.0899543457 0.0145654402
v 0.137501915 -0.0616873169 0.018018672
v -0.186445625 -0.718814514 -0.00888883972
v -0.186450951 -0.674158997 -0.0055699501
v -0.186276451 -0.629462128 -0.00232973099
v -0.185971596 -0.584731476 0.000890254974
v -0.185609154 -0.539960876 0.00410642242
v -0.185221672 -0.495163818 0.00737039852
v -0.184710548 -0.450332214 0.0106354876
v -0.184210747 -0.405471252 0.0139403324
v -0.183618462 -0.360573669 0.0172284012
v -0.183022545 -0.315647705 0.0205648477
v -0.18240667 -0.270696289 0.0238900198
v -0.18177726 -0.225697021 0.026986537
v -0.179099007 -0.180643555 0.0281558371
v -0.171436348 -0.135813416 0.0269622803
v -0.16108477 -0.0912789917 0.0246509404
v -0.154349007 -0.0624500732 0.0270018764
v 0.139528145 -0.0619217529 0.0241452464
v 0.146943108 -0.0904716187 0.0213845302
v 0.157943336 -0.134928894 0.0239043918
v 0.165434319 -0.179799133 0.0252491887
v 0.168350731 -0.224901917 0.0240709772
v 0.171655663 -0.269852173 0.0220376758
v 0.17372123 -0.314870117 0.0194166543
v 0.175736839 -0.359867676 0.0168671365
v 0.177818321 -0.404857422 0.0145806789
v 0.179642159 -0.449814636 0.012344079
v 0.181419075 -0.494743958 0.0102607698
v 0.183164116 -0.539641602 0.00833349514
v 0.184857185 -0.584518982 0.00656540108
v 0.186449684 -0.629357971 0.00488631439
v 0.188133247 -0.674174896 0.00343487358
v 0.189712379 -0.718943054 0.00202530289
v -0.00572803402 -0.350305237 0.10241658
v -0.0942406998 -0.219479858 0.105614464
v -0.142522377 -0.122953125 0.0787203522
v 0.10501651 -0.179901672 0.0991028595
v -0.0842328033 -0.132390869 0.0957926712
v -0.00580030406 -0.182597473 0.130652428
v 0.127848396 -0.117899231 0.0754210739
v 0.0843772049 -0.113499451 0.10545253
v -0.00706038348 -0.115812012 0.118196365
v -0.179751579 -0.742200439 0.00331252861
v -0.140254707 -0.659800079 0.0561981735
v 0.154549873 -0.701072815 0.0334240723
v 0.179206657 -0.742088898 0.0118314219
v 0.17254113 -0.709991455 0.0181899018
v 0.159513329 -0.734408142 0.0286715732
v -0.111587601 -0.39012262 0.0909466095
v 0.0100507126 -0.559781921 0.0890332794
v 0.0939671021 -0.434662598 0.090206543
v -0.151634285 -0.253181213 0.0806858253
v -0.157634377 -0.116031372 0.051504097
v 0.147008751 -0.206149292 0.0705657463
v 0.144617088 -0.115050903 0.0487121792
v -0.164745186 -0.610159241 0.037951067
v -0.140004036 -0.716194305 0.051838316
v -0.163737389 -0.724890289 0.0297758355
v -0.0820508575 -0.682997864 0.07453302
v 0.128786308 -0.724039734 0.0486909866
v 0.164363792 -0.653490234 0.0267808723
v -0.154955894 -0.342437866 0.0679202232
v -0.155651695 -0.432066406 0.0613212471
v 0.0101421185 -0.666347504 0.08298592
v 0.142583626 -0.431136353 0.0567360725
v -0.167288658 -0.205823669 0.063076786
v -0.14527639 -0.0811164551 0.0694818077
v 0.161354286 -0.203831055 0.0467933731
v 0.15427964 -0.159499695 0.0513325005
v 0.155534798 -0.255929565 0.0558230858
v 0.162498466 -0.234119202 0.0432360229
v 0.13457621 -0.0760229492 0.0486718178
v -0.177841484 -0.608454071 0.016729125
v -0.171385719 -0.655640472 0.0239276533
v -0.172156273 -0.562979889 0.0313094816
v -0.139865273 -0.746748077 0.0494242325
v -0.112051689 -0.729633942 0.0640866241
v -0.156624855 -0.68687793 0.0403609943
v -0.176098824 -0.698105408 0.0137174768
v -0.0515622902 -0.718823669 0.0772420235
v 0.100874031 -0.730642487 0.0614039154
v 0.129140434 -0.751228027 0.0471369019
v 0.173013634 -0.679386169 0.0182967949
v 0.178752708 -0.652416931 0.0129284
v 0.16688163 -0.608479279 0.0260556881
v -0.173912315 -0.340138916 0.0439752712
v -0.174133736 -0.429911987 0.0370374317
v 0.0102060566 -0.720767609 0.0792844467
v 0.164130409 -0.429098938 0.0352122908
v 0.13929644 -0.341887878 0.0670761147
v 0.140055626 -0.52089032 0.053188364
v -0.177063438 -0.204134155 0.0430221329
v -0.172309944 -0.250253174 0.0524468861
v -0.159540764 -0.159482666 0.0643768578
v -0.123291451 -0.0876733398 0.0934915237
v -0.147052055 -0.0700283813 0.0476184082
v 0.140952873 -0.138492187 0.0630104485
v 0.124153816 -0.158267822 0.082881916
v 0.162062935 -0.294219299 0.043384676
v 0.142158302 -0.293790283 0.0707496643
v -0.181276512 -0.652648254 0.00692105007
v -0.157435265 -0.642893646 0.0430322533
v -0.180794487 -0.563202209 0.0134042873
v -0.089854866 -0.54052655 0.0836575584
v -0.174461967 -0.519485535 0.0298154826
v -0.120050064 -0.688834595 0.0637428246
v -0.0515767784 -0.749257477 0.0753397675
v 0.106911827 -0.630361694 0.0659915161
v -0.167133232 -0.38625061 0.0544109116
v 0.0102596912 -0.750462433 0.0773256912
v 0.0410668144 -0.731150574 0.0763193054
v -0.0207092876 -0.731508453 0.078574955
v 0.15399752 -0.383621704 0.0504429169
v 0.164676506 -0.518946533 0.0317563715
v -0.173450905 -0.295177002 0.0478453007
v -0.163203957 -0.234484863 0.0687498245
v -0.167181618 -0.143989014 0.0475032845
v -0.132287437 -0.19117157 0.0917723541
v -0.15107795 -0.209483521 0.0813800316
v -0.14830735 -0.176851868 0.0797088127
v -0.132443901 -0.0677733154 0.0834104729
v -0.117130562 -0.131756165 0.0972011108
v -0.131912788 -0.158190552 0.0918456116
v -0.10196434 -0.172199036 0.0952900009
v 0.10569944 -0.127669006 0.0894004593
v 0.10425882 -0.0853006592 0.0805414162
v 0.0920580673 -0.148185364 0.103419197
v 0.0419206085 -0.145263123 0.116872704
v 0.0636882401 -0.138451233 0.0983847656
v 0.0540423775 -0.092677002 0.0986109161
v 0.062553009 -0.204064331 0.106776543
v 0.0511493301 -0.118689758 0.11061451
v 0.0377102127 -0.0862514038 0.121363068
v 0.0787608871 -0.178036255 0.0998185043
v 0.0553145103 -0.170538879 0.10611142
v 0.0291749496 -0.190146057 0.125569267
v 0.126510994 -0.195265076 0.0864818497
v 0.130359917 -0.247782288 0.0856425629
v 0.152258385 -0.318214844 0.0564628181
v -0.135253609 -0.564784241 0.0663687782
v -0.140359917 -0.610196472 0.0600028648
v -0.166937721 -0.476039673 0.0473151722
v -0.099886795 -0.70259964 0.0692427216
v 0.110983086 -0.681269165 0.0600777893
v 0.139251091 -0.625974304 0.0474714031
v -0.141122139 -0.392817017 0.0749141426
v -0.1668899 -0.358326416 0.0564843292
v -0.176003258 -0.371269104 0.0368738871
v -0.167330009 -0.414153442 0.0523439331
v 0.0715425034 -0.732017273 0.0710789642
v 0.0312704697 -0.693388824 0.0800827217
v 0.0558492165 -0.625181793 0.0830745354
v 0.036966156 -0.65460733 0.0825416145
v 0.0657386932 -0.682863892 0.0762955437
v 0.0216920853 -0.608284485 0.0865723495
v 0.0508809509 -0.704415222 0.0767949524
v 0.0581494904 -0.654978363 0.0799103851
v 0.0858455734 -0.654862549 0.0733387451
v 0.0187770081 -0.638441803 0.0846968765
v -0.0416344719 -0.617770813 0.0849444695
v -0.012720737 -0.635704071 0.0848090515
v 0.0829523544 -0.614858154 0.0776521683
v 0.11110408 -0.565536682 0.0686458321
v 0.0586963425 -0.556687347 0.0881210938
v 0.102292587 -0.597152039 0.0707072182
v 0.126189125 -0.594477722 0.0575787315
v 0.0854003601 -0.567397797 0.08104422
v 0.0646426544 -0.591385132 0.0842416573
v 0.148741692 -0.590844055 0.0426637955
v 0.133909874 -0.558026337 0.0551895943
v 0.0982458038 -0.501802124 0.0815136566
v 0.0397977066 -0.581950043 0.087647377
v 0.155497581 -0.553864166 0.0385962963
v 0.0984177856 -0.537300049 0.0781861687
v 0.119970596 -0.531846558 0.065906395
v 0.07348629 -0.521034424 0.0883984756
v 0.0727934952 -0.47279364 0.0923073578
v 0.0330348053 -0.511516907 0.0910012283
v 0.0343685036 -0.547147919 0.0896955948
v 0.0519808922 -0.527204834 0.0902856369
v 0.053431427 -0.493262451 0.0920212173
v 0.0283962669 -0.417372009 0.0889805908
v 0.0464659233 -0.451596802 0.0918083649
v -0.0109542484 -0.693600128 0.0811327896
v 0.154260338 -0.411990173 0.0483702507
v 0.167852165 -0.38361261 0.0310706234
v 0.16311161 -0.346556641 0.0398917236
v 0.164629219 -0.47404187 0.0334657803
v -0.166277199 -0.319167175 0.0592400398
v -0.144759102 -0.300371643 0.0823533287
v -0.16329554 -0.27535968 0.0655656242
v -0.0984614868 -0.0998512573 0.102210434
v -0.0658886871 -0.0921080933 0.0971033173
v -0.105492432 -0.0720820923 0.100929329
v -0.128949211 -0.113876282 0.0913131409
v -0.112000282 -0.202525391 0.0980204239
v -0.120310028 -0.250330078 0.0956149826
v -0.133398407 -0.224034424 0.0922977829
v 0.127741631 -0.0830690918 0.0719687424
v 0.0755563583 -0.0793372803 0.105875694
v 0.143471931 -0.263459351 0.0724016533
v -0.155637444 -0.577249268 0.0501176109
v -0.154460777 -0.530043335 0.0549796219
v -0.100879494 -0.599099762 0.0760295029
v -0.167174004 -0.44813324 0.0495976276
v -0.176328285 -0.461019531 0.0300156765
v -0.0821126404 -0.735104553 0.0714039116
v 0.113374039 -0.709422638 0.0570922279
v 0.133958961 -0.687472137 0.0474501724
v 0.150036659 -0.67069519 0.0381669569
v 0.125939857 -0.654488434 0.0537085438
v 0.155867058 -0.629056366 0.0352180977
v -0.129705582 -0.352404907 0.0865714264
v -0.17658271 -0.400982666 0.0334313068
v 0.0861719437 -0.70259198 0.0691110764
v -0.0155665884 -0.589278076 0.087554718
v 0.169552116 -0.574443115 0.0243892086
v 0.0956886444 -0.468260925 0.0856591377
v 0.125557121 -0.477390015 0.0664357376
v 0.069394516 -0.438043762 0.0931244812
v 0.0749191742 -0.334579651 0.0916233521
v 0.078529747 -0.386915283 0.0932990417
v 0.00663043785 -0.466824219 0.0897085114
v -0.0393784103 -0.666149933 0.081619648
v 0.151813698 -0.355815063 0.0546087494
v 0.154591255 -0.451856934 0.0454378166
v 0.146804832 -0.486014893 0.0498233643
v -0.0831944656 -0.076083252 0.104035492
v -0.0478598099 -0.14175647 0.123530807
v -0.135828804 -0.272295654 0.0890888748
v -0.0966167755 -0.307104004 0.0939505692
v -0.113631912 -0.283004761 0.0946021194
v -0.121498573 -0.318031311 0.0919354019
v -0.0834841003 -0.264309814 0.104125084
v 0.0932539902 -0.0716339111 0.0966044006
v -0.166910271 -0.539120361 0.0408850594
v -0.12253743 -0.512957764 0.0743508987
v -0.164889793 -0.50634668 0.0471197052
v -0.144934181 -0.487487305 0.0658650055
v -0.122833687 -0.592388184 0.0695226555
v -0.10793013 -0.564281525 0.0763237686
v -0.109377708 -0.534980957 0.0778408356
v -0.116800385 -0.636042786 0.0688340302
v -0.177011421 -0.49058905 0.0265686989
v -0.0716168442 -0.709239929 0.074859848
v -0.144482185 -0.364362366 0.0752024536
v -0.141895439 -0.329645447 0.0817401581
v -2.37650871e-05 -0.610776367 0.0863560333
v -0.0518136902 -0.561492798 0.0884813766
v 0.170610695 -0.545266174 0.0240312791
v 0.116217796 -0.50308313 0.0706132965
v 0.11283596 -0.317021362 0.0917504349
v 0.0244726791 -0.448161621 0.0897442245
v 0.0326403275 -0.478757202 0.0912270432
v -0.0179698477 -0.665006897 0.082856987
v -0.0316602173 -0.641224548 0.083914978
v -0.0670689926 -0.644074097 0.0804883995
v -0.0338993797 -0.697922943 0.0799500465
v -0.0602882271 -0.125562744 0.104345741
v -0.0680282097 -0.17502533 0.105581253
v -0.0446291962 -0.0941018066 0.124819855
v -0.100063873 -0.35014624 0.0943029099
v -0.100407578 -0.247591553 0.102200882
v -0.0480721855 -0.313321228 0.104924065
v -0.137005943 -0.534093994 0.0674953537
v -0.11197641 -0.452800476 0.084104454
v -0.0379815617 -0.586583374 0.0874575729
v -0.0211743183 -0.542835327 0.0899546432
v 0.130450508 -0.317556641 0.0784956856
v -0.0608867378 -0.674556244 0.0791608009
v -0.0703502541 -0.600052094 0.0831767693
v -0.0857062988 -0.573970795 0.08215905
v -0.0916926346 -0.633683289 0.0758978043
v -0.0833700714 -0.160407532 0.0987182007
v -0.0570974236 -0.225517639 0.119681343
v -0.02903578 -0.120193298 0.12974527
v -0.0250744228 -0.157048645 0.131249245
v -0.0341987267 -0.198076172 0.126955292
v -0.0526210747 -0.40115802 0.0898391876
v -0.0716861649 -0.297677856 0.101190155
v -0.0702146912 -0.340119629 0.0934488449
v -0.0490669632 -0.268937927 0.113755638
v -0.124720047 -0.420255432 0.0816511765
v -0.13601255 -0.45252655 0.0722986946
v -0.123598572 -0.479843079 0.0763171082
v -0.0926104126 -0.492347961 0.0876664658
v -0.00898426628 -0.563829895 0.0889156952
v 0.00340237713 -0.518523499 0.0903432083
v 0.0147470455 -0.493858215 0.0906147461
v -0.0770679245 -0.235766968 0.112466858
v -0.0555361977 -0.193339722 0.119587906
v -0.043300518 -0.170467468 0.126017067
v -0.0809952927 -0.384661926 0.0942410812
v -0.0401179352 -0.358386475 0.097993866
v -0.00856804001 -0.290414063 0.113365547
v -0.0612736092 -0.513900757 0.090630661
v -0.0754598694 -0.444383118 0.0934156647
v -0.0609168434 -0.36941748 0.0917640228
v -0.0176628361 -0.396478882 0.094353714
v -0.000142240524 -0.427733765 0.0882763367
v -0.0350261059 -0.46023468 0.0910658112
v -0.0134211102 -0.452973022 0.0887262039
v -0.0180879307 -0.492361877 0.0906450348
v -0.0423066559 -0.492790405 0.0918873825
v -0.0581902199 -0.467663452 0.0927198868
v -0.0398491364 -0.524588013 0.0909402542
v -0.0513254471 -0.435088928 0.0917838058
v -0.0262076874 -0.330214722 0.105880585
v -0.0318724976 -0.291011414 0.112073982
v -0.00683802594 -0.23661261 0.122582489
v -0.0260131092 -0.257941223 0.118356895
v -0.0278536072 -0.22752948 0.123510582
v -0.0811866608 -0.515664368 0.0884520798
v -0.0687440071 -0.542371155 0.0881177826
v -0.0725517349 -0.413478455 0.0937656021
v -0.092610466 -0.462110779 0.0904693375
v -0.0212743816 -0.368707825 0.0996390381
v 0.0106013203 -0.383989136 0.0932493515
v 0.0447923851 -0.373733032 0.0909150238
v 0.029342907 -0.390117798 0.0904432297
v 0.0233282967 -0.347365784 0.0996035919
v 0.0486396866 -0.33684259 0.0962434006
v 0.00766942024 -0.318894104 0.107556213
v 0.0602428284 -0.271113831 0.106454407
v 0.0610372314 -0.305999512 0.0993823776
v 0.0255719681 -0.275899902 0.113863846
v 0.0878329926 -0.299992249 0.0936652756
v 0.0363026924 -0.307069702 0.105238167
v 0.11141835 -0.276099121 0.0942961578
v 0.0997670212 -0.228856934 0.0991652908
v 0.0843299026 -0.207628418 0.105179863
v 0.0723727264 -0.238771423 0.10966468
v 0.0874660492 -0.264474792 0.0983195648
v -0.0723495865 -0.488994446 0.0915557709
v 0.0538063507 -0.408510559 0.0906033783
v 0.0652490311 -0.362378418 0.0907161942
v 0.142865273 -0.172341431 0.0702211876
v 0.125796333 -0.389773621 0.0743259659
v 0.00999233437 -0.0869967651 0.125118233
v -0.0111998816 -0.0825337524 0.113848404
v 0.0192543278 -0.12542926 0.127962318
v -0.0273389187 -0.0762025757 0.126488388
v 0.00149457264 -0.149232117 0.12357589
v 0.119247925 -0.437315979 0.0744882507
v 0.130155846 -0.416078308 0.0682938461
v 0.108549507 -0.409109619 0.0839174156
v 0.112327614 -0.462691772 0.0766003304
v -0.103039986 -0.665057861 0.0708952255
v 0.101152306 -0.357281982 0.0933033981
v 0.121320335 -0.348544373 0.0820100784
v 0.0988918457 -0.386012695 0.0920912704
v -0.0869739227 -0.190460205 0.102296211
v -0.0712602539 -0.206896851 0.108989548
v -0.0591705093 -0.0770033569 0.114771599
v -0.0283173676 -0.426268982 0.0884012985
v 0.00904651642 -0.21013739 0.126177513
v 0.017921339 -0.242871643 0.120750671
v 0.00228159428 -0.264106628 0.1177099
v 0.0456068611 -0.240069336 0.117725441
v 0.0308674965 -0.219641785 0.123225044
v 0.119362457 -0.222488892 0.0917579041
v 0.0238194237 -0.158043335 0.128210976
v -0.0982374268 -0.422549805 0.0922338104
vt 0.487642512 0.878715102
vt 0.566645632 0.878472292
vt 0.645863511 0.87798349
vt 0.722674359 0.877065382
vt 0.79700327 0.875867504
vt 0.865960801 0.874373873
vt 0.929952997 0.872755514
vt 0.988866829 0.871011631
vt 0.984155104 0.833336192
vt 0.041054124 0.832705788
vt 0.0454482915 0.870150074
vt 0.0710826011 0.872826538
vt 0.11504468 0.874976287
vt 0.178526808 0.876500118
vt 0.251820626 0.877566858
vt 0.329001052 0.878292744
vt 0.408170051 0.878660252
vt 0.148132216 0.840043549
vt 0.0982885588 0.835887831
vt 0.0648309021 0.831535948
vt 0.292257588 0.841504482
vt 0.22460222 0.83843532
vt 0.448091854 0.841459397
vt 0.369702586 0.841655022
vt 0.604985341 0.841426223
vt 0.757031467 0.840406858
vt 0.820704122 0.836758628
vt 0.682201044 0.841115664
vt 0.894578318 0.838106219
vt 0.940897888 0.83834375
vt 0.525526837 0.840932937
vt 0.483423753 0.864573992
vt 0.561616547 0.864510634
vt 0.631900801 0.864403494
vt 0.708936638 0.86426423
vt 0.785244008 0.864596861
vt 0.84035487 0.865666162
vt 0.871007154 0.866836655
vt 0.899892322 0.867840116
vt 0.900062931 0.830106089
vt 0.900906542 0.792435914
vt 0.894691645 0.79222297
vt 0.865610073 0.79117428
vt 0.831205474 0.790073141
vt 0.775604274 0.789240226
vt 0.702274197 0.788869808
vt 0.629133766 0.788961697
vt 0.55768059 0.789060615
vt 0.48301892 0.789146461
vt 0.409401426 0.789281416
vt 0.337626865 0.789400022
vt 0.262800916 0.789626325
vt 0.192907917 0.790295945
vt 0.14230118 0.791180323
vt 0.102266593 0.792106686
vt 0.0598833127 0.792934035
vt 0.0504552216 0.793098442
vt 0.0516066553 0.830776187
vt 0.0518731454 0.868529123
vt 0.0976525092 0.867756163
vt 0.135213021 0.866831216
vt 0.185098965 0.865782542
vt 0.256945526 0.865095141
vt 0.335885909 0.86477714
vt 0.406698182 0.864762605
vt 0.814312289 0.829376386
vt 0.85174154 0.827958042
vt 0.876537705 0.825747272
vt 0.670302659 0.827883424
vt 0.740560106 0.825785439
vt 0.522258345 0.827302193
vt 0.596937594 0.827642776
vt 0.295726921 0.82848517
vt 0.226119525 0.82674787
vt 0.371089688 0.827959727
vt 0.158698824 0.830538561
vt 0.120402338 0.828996744
vt 0.0872315756 0.826607032
vt 0.445858047 0.826987341
vt 0.488197202 0.99978285
vt 0.407852644 1
vt 0.328082826 0.99991914
vt 0.249922005 0.999510897
vt 0.176461996 0.998673489
vt 0.115653399 0.997251487
vt 0.0823801293 0.995051682
vt 0.0743916018 0.991883165
vt 0.0689308746 0.961364062
vt 0.0633491449 0.930833875
vt 0.0577105829 0.900276351
vt 0.992382866 0.901838349
vt 0.995016694 0.932678283
vt 0.997640974 0.963482005
vt 1 0.994254549
vt 0.938122167 0.995632483
vt 0.87247139 0.996956196
vt 0.801422896 0.998098516
vt 0.726142981 0.998980564
vt 0.648063459 0.999568744
vt 0.568483321 0.999855503
vt 0.0910749793 0.944317944
vt 0.0704723469 0.948565152
vt 0.0734707544 0.973052188
vt 0.0691419552 0.915083837
vt 0.211365618 0.938263636
vt 0.366621916 0.939419196
vt 0.608913806 0.939156522
vt 0.836940441 0.936467431
vt 0.0931709218 0.973554197
vt 0.146039343 0.960688653
vt 0.108516495 0.911544576
vt 0.0590495107 0.892062148
vt 0.211966737 0.971483025
vt 0.287881429 0.955473908
vt 0.241590219 0.955144966
vt 0.212615722 0.904949957
vt 0.155048755 0.90379664
vt 0.272181497 0.922743097
vt 0.142801888 0.931686049
vt 0.315398279 0.935592977
vt 0.350352304 0.908499014
vt 0.297629997 0.899827467
vt 0.367294927 0.972500577
vt 0.460243427 0.955876021
vt 0.335204334 0.955908193
vt 0.406524208 0.955977944
vt 0.687671093 0.960733977
vt 0.686464887 0.916041624
vt 0.607050771 0.905947788
vt 0.522081451 0.92355211
vt 0.640560664 0.92214652
vt 0.653961941 0.900015109
vt 0.572435522 0.922970641
vt 0.608730439 0.972255532
vt 0.655493305 0.977492677
vt 0.641435593 0.955596554
vt 0.544394999 0.955822888
vt 0.904290495 0.957495048
vt 0.954113299 0.949262509
vt 0.911406958 0.914494798
vt 0.938197307 0.971546583
vt 0.921770573 0.936609272
vt 0.957178235 0.918320428
vt 0.954861141 0.893248655
vt 0.834910653 0.903087197
vt 0.766655794 0.921625483
vt 0.86862267 0.918770792
vt 0.788193613 0.899697235
vt 0.837242236 0.969777835
vt 0.878102052 0.974695555
vt 0.86527829 0.952623876
vt 0.780367758 0.953984921
vt 0.730511316 0.94262185
vt 0.143731759 0.983801316
vt 0.0905493745 0.890618184
vt 0.288348217 0.981430043
vt 0.447586936 0.981333916
vt 0.503342253 0.974390038
vt 0.527632785 0.897404818
vt 0.447586773 0.910378632
vt 0.398274933 0.919665872
vt 0.502365053 0.944199719
vt 0.900387976 0.890436219
vt 0.732042043 0.902361883
vt 0.764356746 0.979478313
vt 0.483895442 0.985672258
vt 0.561744944 0.986021254
vt 0.633855149 0.986190282
vt 0.708936095 0.986159127
vt 0.787186245 0.986603511
vt 0.838054548 0.988263028
vt 0.870919135 0.989758256
vt 0.898239132 0.991152706
vt 0.89894845 0.96035874
vt 0.899523624 0.929543361
vt 0.899963418 0.898709168
vt 0.0512548793 0.899410977
vt 0.0517976686 0.930268802
vt 0.0523577173 0.961103933
vt 0.0528847822 0.991912021
vt 0.104546772 0.990674242
vt 0.141538849 0.989469136
vt 0.188249731 0.988034307
vt 0.258924884 0.986740175
vt 0.337627249 0.986539564
vt 0.40816056 0.986224911
vt 0.858531498 0.937108188
vt 0.880190245 0.944209595
vt 0.881518652 0.969121127
vt 0.874224242 0.909648356
vt 0.750370992 0.925424571
vt 0.598895097 0.925403149
vt 0.29707753 0.925938929
vt 0.118037247 0.938178093
vt 0.0879277522 0.945080423
vt 0.0955444739 0.910560246
vt 0.110685518 0.964199288
vt 0.0829166289 0.971987547
vt 0.443719361 0.925282571
vt 0.857534762 0.966277457
vt 0.814516893 0.950133957
vt 0.844398684 0.902850923
vt 0.881323746 0.887653569
vt 0.74974623 0.958653772
vt 0.670753798 0.941825655
vt 0.718542227 0.941942114
vt 0.749273264 0.892094098
vt 0.805953453 0.892257599
vt 0.68658134 0.909214309
vt 0.815584089 0.920989434
vt 0.643808621 0.921888331
vt 0.611836502 0.894551558
vt 0.661301558 0.885949714
vt 0.598847091 0.958505109
vt 0.523924208 0.94172063
vt 0.626531612 0.942010323
vt 0.570138935 0.941897203
vt 0.298406967 0.958959082
vt 0.206743298 0.943442551
vt 0.373257729 0.942112263
vt 0.257894865 0.942795544
vt 0.329507554 0.942283254
vt 0.297463974 0.892649756
vt 0.358719376 0.909603032
vt 0.228666438 0.909185938
vt 0.396515594 0.921939206
vt 0.401244952 0.893392945
vt 0.360268832 0.885693609
vt 0.0819675151 0.888477308
vt 0.118210065 0.890235409
vt 0.443475837 0.958410437
vt 0.397496241 0.962752604
vt 0.475571454 0.941896186
vt 0.816671614 0.973274761
vt 0.858077889 0.883409064
vt 0.670112338 0.967782919
vt 0.523329364 0.900942585
vt 0.573051205 0.905764552
vt 0.52407423 0.967593432
vt 0.219932015 0.968656531
vt 0.160498962 0.960147625
vt 0.157008046 0.915415881
vt 0.143639958 0.891493306
vt 0.219047502 0.883735207
vt 0.177508844 0.894994113
vt 0.351661009 0.963627663
vt 0.523131256 0.878120687
vt 0.460805923 0.897550683
vt 0.13345051 0.966550865
vt 0.1913364 0.922046393
vt 0.444194639 0.87697599
vt 0.143498477 0.938263875
vt 0.127286642 0.914034193
vt 0.883610552 0.137934653
vt 0.915091396 0.181038226
vt 0.951706127 0.222927429
vt 0.938599812 0.269991476
vt 0.926087729 0.317147253
vt 0.918902004 0.364593359
vt 0.912924357 0.412070889
vt 0.910351256 0.459594666
vt 0.907990134 0.507124614
vt 0.90631287 0.554664294
vt 0.904648599 0.602206614
vt 0.903511841 0.649758222
vt 0.902485753 0.697318259
vt 0.901769322 0.744881667
vt 0.0482846259 0.745536497
vt 0.0461548386 0.697965647
vt 0.0437645513 0.650398677
vt 0.0411074744 0.602834887
vt 0.0370787107 0.555290372
vt 0.0319013961 0.507778745
vt 0.0258545628 0.460303314
vt 0.018961348 0.412873747
vt 0.0111140401 0.365509766
vt 0.0032817077 0.318162133
vt 0 0.270724296
vt 0.0150772108 0.224715523
vt 0.054698061 0.183169066
vt 0.0806380219 0.138986301
vt 0.895437766 0.744657749
vt 0.895956931 0.697090366
vt 0.896734799 0.649527276
vt 0.897540747 0.601970611
vt 0.898814231 0.554423519
vt 0.899998648 0.506877033
vt 0.901750453 0.459340787
vt 0.903516296 0.411817074
vt 0.9086005 0.364331337
vt 0.914878481 0.316882305
vt 0.927250918 0.26974962
vt 0.940729113 0.222721514
vt 0.907305076 0.180021056
vt 0.879662169 0.136251329
vt 0.858911391 0.0918397479
vt 0.846525401 0.0616061403
vt 0.118762177 0.0625907403
vt 0.105174024 0.0927301373
vt 0.0838685506 0.137315954
vt 0.0609827063 0.181907814
vt 0.0237437196 0.224002614
vt 0.0118296849 0.270414756
vt 0.0165994395 0.31788917
vt 0.0246272779 0.365250225
vt 0.0323751106 0.412630555
vt 0.0389472867 0.460076661
vt 0.0445667174 0.507564115
vt 0.0491398429 0.555089737
vt 0.0524357025 0.602644494
vt 0.0543802046 0.650214199
vt 0.0562130265 0.697784032
vt 0.0579479456 0.745359876
vt 0.479425853 0.336668326
vt 0.786805416 0.140303914
vt 0.256103506 0.198552185
vt 0.152168954 0.121966613
vt 0.692196297 0.0887209997
vt 0.79373665 0.0808609296
vt 0.291743253 0.105609454
vt 0.880715288 0.767914456
vt 0.806170674 0.674917972
vt 0.295638603 0.582358349
vt 0.165101926 0.675990739
vt 0.0802573431 0.7687315
vt 0.743585039 0.33597749
vt 0.223009587 0.384457814
vt 0.851509344 0.150739733
vt 0.142259923 0.243200851
vt 0.117453612 0.107377192
vt 0.851016536 0.624089379
vt 0.806648432 0.734627908
vt 0.850684303 0.746712922
vt 0.665876462 0.696748605
vt 0.158611292 0.528826336
vt 0.444708399 0.666361214
vt 0.164622334 0.7356946
vt 0.120614729 0.747723317
vt 0.108530946 0.672913912
vt 0.298101784 0.697340491
vt 0.836866762 0.338124106
vt 0.77223159 0.479423753
vt 0.131684142 0.38665602
vt 0.873823159 0.155300013
vt 0.886735203 0.197230246
vt 0.849768472 0.107425665
vt 0.070466132 0.245250904
vt 0.100759377 0.111544089
vt 0.133038157 0.0698973148
vt 0.160258866 0.0711146107
vt 0.0999464287 0.154403898
vt 0.865087089 0.577030675
vt 0.876905917 0.625038864
vt 0.864262048 0.673942055
vt 0.806311369 0.766997254
vt 0.740630473 0.746998767
vt 0.836919251 0.705469008
vt 0.873295945 0.720046979
vt 0.59309113 0.734252624
vt 0.11527287 0.577557994
vt 0.115466205 0.482353698
vt 0.445277494 0.729966547
vt 0.165265796 0.768064837
vt 0.224321466 0.747928596
vt 0.0897995854 0.720908488
vt 0.084805684 0.69078264
vt 0.13504039 0.706500777
vt 0.0970102447 0.625578683
vt 0.872250613 0.339544264
vt 0.856116876 0.394095418
vt 0.853220153 0.283640254
vt 0.855810888 0.362303422
vt 0.87776031 0.306500557
vt 0.846651982 0.481232966
vt 0.0808704427 0.38782866
vt 0.103046857 0.330975355
vt 0.10977287 0.432432415
vt 0.106736836 0.363354562
vt 0.0760800592 0.418746678
vt 0.816546344 0.186633423
vt 0.8279417 0.114699224
vt 0.823827463 0.143834747
vt 0.795079584 0.110220051
vt 0.744716424 0.112320993
vt 0.624142541 0.222772786
vt 0.511584324 0.134284355
vt 0.510457708 0.0809353567
vt 0.743176075 0.0737626873
vt 0.70016925 0.172891453
vt 0.68745655 0.053832202
vt 0.764938865 0.0502565861
vt 0.73872867 0.147107883
vt 0.76694018 0.190298479
vt 0.614046971 0.0668507671
vt 0.828754573 0.0685251851
vt 0.820834821 0.081899537
vt 0.79966278 0.0522776943
vt 0.033347474 0.246188112
vt 0.14987335 0.053167702
vt 0.140155556 0.101449681
vt 0.101878913 0.196091576
vt 0.885751271 0.577775709
vt 0.785652971 0.565768048
vt 0.867886621 0.529579194
vt 0.884271348 0.67287848
vt 0.837033065 0.657907413
vt 0.796409451 0.620278841
vt 0.76173372 0.704292551
vt 0.710242058 0.717954815
vt 0.593329335 0.766499197
vt 0.520471842 0.747142882
vt 0.0801418441 0.578334548
vt 0.0982203077 0.530365068
vt 0.0764727934 0.483192179
vt 0.445556706 0.764095108
vt 0.373331689 0.746230896
vt 0.203749121 0.705274321
vt 0.254193467 0.718752234
vt 0.312269622 0.735941609
vt 0.0852153406 0.654374004
vt 0.152023092 0.620258325
vt 0.882065972 0.387409069
vt 0.871460502 0.434550533
vt 0.873744987 0.470971892
vt 0.831219439 0.433402066
vt 0.879954492 0.242185208
vt 0.0564646534 0.340776508
vt 0.065595517 0.293003305
vt 0.133792327 0.290368015
vt 0.17149185 0.43367522
vt 0.856839335 0.177949885
vt 0.791962121 0.169863225
vt 0.80353138 0.248773721
vt 0.708228331 0.225039885
vt 0.641235594 0.0450365138
vt 0.61373576 0.127926503
vt 0.678290662 0.135240393
vt 0.102334357 0.226899926
vt 0.0609855516 0.209853203
vt 0.830355236 0.584838901
vt 0.665443912 0.751890024
vt 0.507028388 0.698066855
vt 0.066428383 0.530986756
vt 0.128985321 0.514562104
vt 0.158403918 0.479499261
vt 0.132662945 0.548445945
vt 0.17057074 0.575710804
vt 0.387115311 0.698258711
vt 0.299880469 0.767113252
vt 0.12533892 0.64251472
vt 0.123214337 0.608614085
vt 0.8766404 0.501410079
vt 0.851974223 0.451165834
vt 0.81425935 0.467702763
vt 0.81725963 0.52126143
vt 0.808605663 0.381887917
vt 0.886939994 0.270956992
vt 0.837876788 0.221468468
vt 0.0955891385 0.271646619
vt 0.23124392 0.282946874
vt 0.16684029 0.339231543
vt 0.14199624 0.419401318
vt 0.171266505 0.390160199
vt 0.136693056 0.454427774
vt 0.191847479 0.361636569
vt 0.209288676 0.322029541
vt 0.173763362 0.300414396
vt 0.341650425 0.333158994
vt 0.276080516 0.316581098
vt 0.345334956 0.252848189
vt 0.285477626 0.361688413
vt 0.329596705 0.292690521
vt 0.235195803 0.350429825
vt 0.285901622 0.264701493
vt 0.4262874 0.286466256
vt 0.229205259 0.239117541
vt 0.298618085 0.226859468
vt 0.381240566 0.30796817
vt 0.409617299 0.349269272
vt 0.183282336 0.200871256
vt 0.361286272 0.164482403
vt 0.43309165 0.319413143
vt 0.517762409 0.493865783
vt 0.215801755 0.211391807
vt 0.316096534 0.190203759
vt 0.480433598 0.416905213
vt 0.270516214 0.151618354
vt 0.390103891 0.211382393
vt 0.460957012 0.376838137
vt 0.362803821 0.416471882
vt 0.355181259 0.374552653
vt 0.421498401 0.405796879
vt 0.422403333 0.469362677
vt 0.404953758 0.43761979
vt 0.798498355 0.214132123
vt 0.763798775 0.234371385
vt 0.763846678 0.286162123
vt 0.667996515 0.201194537
vt 0.599783953 0.176097987
vt 0.649414424 0.163326812
vt 0.724523336 0.197857787
vt 0.637808268 0.0972308116
vt 0.564557317 0.0950546789
vt 0.560162083 0.126358128
vt 0.524812558 0.106579932
vt 0.0752338275 0.182138983
vt 0.640143988 0.724335536
vt 0.454493521 0.698149361
vt 0.585101779 0.600137097
vt 0.547300404 0.719151914
vt 0.586309876 0.664379927
vt 0.60127083 0.698842455
vt 0.261856594 0.502860707
vt 0.330864855 0.46788565
vt 0.219664571 0.619340932
vt 0.214735775 0.662587094
vt 0.178861849 0.642571176
vt 0.294930689 0.644674568
vt 0.819236142 0.553951894
vt 0.832791499 0.401998427
vt 0.83265406 0.255825271
vt 0.816405948 0.295302465
vt 0.139531375 0.322080177
vt 0.324780845 0.135246564
vt 0.401766888 0.0850988191
vt 0.456058786 0.105065437
vt 0.351424068 0.103181859
vt 0.324423191 0.0631955079
vt 0.215538278 0.16935076
vt 0.160795553 0.161828665
vt 0.214100025 0.119282341
vt 0.141819454 0.190518261
vt 0.124307553 0.151735974
vt 0.408632768 0.248863033
vt 0.502688418 0.211172343
vt 0.446374959 0.221565732
vt 0.450510094 0.168449557
vt 0.287500526 0.409084837
vt 0.648284461 0.293678938
vt 0.515670894 0.652546533
vt 0.213286085 0.541790512
vt 0.211776454 0.466830312
vt 0.182209487 0.606533753
vt 0.218041949 0.580493824
vt 0.265261663 0.671588665
vt 0.273611251 0.613351081
vt 0.372345942 0.650756626
vt 0.341559083 0.6133729
vt 0.407676199 0.547185647
vt 0.359897232 0.574451078
vt 0.314156543 0.537039521
vt 0.447106895 0.604329503
vt 0.396647903 0.619421912
vt 0.411533904 0.579963388
vt 0.847758302 0.550285566
vt 0.839627769 0.308372366
vt 0.799250391 0.331983047
vt 0.190654806 0.0854721631
vt 0.194101301 0.0518970985
vt 0.565472745 0.20876256
vt 0.561051388 0.268174565
vt 0.493551698 0.254393218
vt 0.579967173 0.238874413
vt 0.629062557 0.259179387
vt 0.507822554 0.296899403
vt 0.531408138 0.235290209
vt 0.579155975 0.313778188
vt 0.567930226 0.379156699
vt 0.513852823 0.389025918
vt 0.518421046 0.170994644
vt 0.403936202 0.181621683
vt 0.455423759 0.134589061
vt 0.402812379 0.119063322
vt 0.319683706 0.435541622
vt 0.270718871 0.458741236
vt 0.709023403 0.303492177
vt 0.711993076 0.264275414
vt 0.562212247 0.632456889
vt 0.507473747 0.614402124
vt 0.465791567 0.635682825
vt 0.202754369 0.504506308
vt 0.221346645 0.425871384
vt 0.342986292 0.678774407
vt 0.265130795 0.553406222
vt 0.318726262 0.502094553
vt 0.253226139 0.0736687311
vt 0.285418754 0.0468355495
vt 0.600493739 0.286338648
vt 0.64984806 0.351336118
vt 0.668533708 0.322255303
vt 0.562325827 0.155777618
vt 0.52092413 0.554428418
vt 0.467951579 0.570425051
vt 0.241968015 0.0497135866
vt 0.536427966 0.586369172
vt 0.72428865 0.651144824
vt 0.764074438 0.672076989
vt 0.844899954 0.514236978
vt 0.763751059 0.523691823
vt 0.679592357 0.56698738
vt 0.734187817 0.554360415
vt 0.732037475 0.60205652
vt 0.776836651 0.594648419
vt 0.756532107 0.628271607
vt 0.656832158 0.62246671
vt 0.703633472 0.625168889
vt 0.665000747 0.659423912
vt 0.63744862 0.589996855
vt 0.604724747 0.54046253
vt 0.678587122 0.512982151
vt 0.727861408 0.498041777
vt 0.649329362 0.437825069
vt 0.677567455 0.473319271
vt 0.563381651 0.43294768
vt 0.610726738 0.407485164
vt 0.618862214 0.376386676
vt 0.507158369 0.453921479
vt 0.472584178 0.477852706
vt 0.462639924 0.520645975
vt 0.456823726 0.445431133
vt 0.401475033 0.507258392
vt 0.364456243 0.529507566
vt 0.376188007 0.480646583
vt 0.771562257 0.425693522
vt 0.713940704 0.440136825
vt 0.694209406 0.392265149
vt 0.70330577 0.358855668
vt 0.760113906 0.373179252
vt 0.741921666 0.401580427
vt 0.381578049 0.0531508445
vt 0.55251935 0.523549585
vt 0.597240279 0.481162674
vt 0.604249077 0.450658457
vt 0.654096871 0.540170229
vt 0.625362432 0.50959044
vt 0.551047042 0.0572524753
vt 0.186065339 0.26016246
vt 0.17576655 0.230986926
vt 0.445857362 0.0667424344
vt 0.490839865 0.0567535595
vt 0.540949651 0.344381895
vt 0.595703945 0.345879533
vt 0.168622082 0.0119321208
vt 0.17211854 0.00987513501
vt 0.177975146 0.00771191569
vt 0.1866293 0.00567452263
vt 0.197340984 0.00389107215
vt 0.210272795 0.00260163924
vt 0.226062263 0.00170826006
vt 0.243975527 0.000836000363
vt 0.26446618 0.000386384584
vt 0.286699221 0.000466664028
vt 0.309996088 0.00114146937
vt 0.333864236 0.00221843529
vt 0.357672893 0.00314781935
vt 0.381741582 0.00378967323
vt 0.406036061 0.00416524363
vt 0.430376608 0.00450951649
vt 0.454787801 0.00471027871
vt 0.479261232 0.0047719832
vt 0.503673015 0.00467478273
vt 0.528170576 0.00444323188
vt 0.552629276 0.00415010376
vt 0.57691563 0.00370074244
vt 0.600997161 0.00310201809
vt 0.625123085 0.002091464
vt 0.649068769 0.000707120684
vt 0.672521176 3.49870795e-05
vt 0.695209437 0
vt 0.716307087 0.000453814228
vt 0.735089271 0.00109999378
vt 0.751452096 0.00197250793
vt 0.765222951 0.00329005774
vt 0.776214079 0.00505009868
vt 0.785170178 0.00711382747
vt 0.791646117 0.00943824181
vt 0.795659007 0.0115808506
vt 0.810772814 0.034345989
vt 0.81316269 0.0306514807
vt 0.798799851 0.0292558142
vt 0.789220207 0.027103918
vt 0.781554309 0.0241001182
vt 0.763877022 0.0233652623
vt 0.74801395 0.0215637458
vt 0.724840743 0.021368327
vt 0.701616563 0.0206757101
vt 0.676445186 0.0203030659
vt 0.649745178 0.0216153994
vt 0.62372067 0.021957255
vt 0.597726404 0.0242903207
vt 0.570789192 0.0232823111
vt 0.543532692 0.0233031761
vt 0.519224005 0.025829625
vt 0.49273939 0.0262942534
vt 0.46633176 0.0263606652
vt 0.441076116 0.0245946447
vt 0.413880229 0.0235016483
vt 0.387337202 0.0242567331
vt 0.360670187 0.023682945
vt 0.333104123 0.022817301
vt 0.306998654 0.0215614557
vt 0.281705974 0.0212452997
vt 0.257604676 0.0213218896
vt 0.233914232 0.0216165445
vt 0.215121995 0.0228810411
vt 0.198117298 0.0243403204
vt 0.183657567 0.0258353501
vt 0.172101018 0.0276700726
vt 0.163090558 0.0298322741
vt 0.154500238 0.0321215741
vt 0.153625215 0.0349852984
vt 0.803559347 0.0227610672
vt 0.160870318 0.0232689524
vt 0.763967624 0.0134762597
vt 0.806273107 0.0273511176
vt 0.796686237 0.0192682117
vt 0.798949906 0.018288319
vt 0.582304119 0.0145048798
vt 0.729162803 0.0114295791
vt 0.683923477 0.0104228418
vt 0.633483081 0.0124102352
vt 0.530800622 0.0153440608
vt 0.77853546 0.0147207819
vt 0.491796165 0.0144905033
vt 0.350553014 0.013745851
vt 0.299750181 0.0114991716
vt 0.453629607 0.0158036002
vt 0.401954616 0.0152403719
vt 0.197834541 0.0142165863
vt 0.174843587 0.0177693652
vt 0.231467487 0.0119729603
vt 0.158224398 0.0279112926
vt 0.165280659 0.0187808099
vt 0.269904743 0.0101150828
vt 0.768781258 0.0203201141
vt 0.748713665 0.00945987018
vt 0.736760375 0.0077060633
vt 0.761971064 0.00681700981
vt 0.791827958 0.0124056551
vt 0.801577556 0.0261859843
vt 0.787823623 0.0153256131
vt 0.583615183 0.0205519194
vt 0.565868765 0.010074625
vt 0.547316596 0.0116107486
vt 0.560517242 0.0177094419
vt 0.544775247 0.0184847555
vt 0.590215775 0.00834371873
vt 0.611500572 0.0110447213
vt 0.710363791 0.00733189239
vt 0.718759092 0.0140814726
vt 0.694845025 0.00662108216
vt 0.733591901 0.0179375576
vt 0.68733433 0.016786928
vt 0.664203392 0.00688800177
vt 0.64675993 0.00767654693
vt 0.658707435 0.0142207847
vt 0.635621901 0.018608419
vt 0.516411239 0.0103672442
vt 0.531217649 0.0212932638
vt 0.774229761 0.00794066757
vt 0.782035587 0.0215651453
vt 0.505295271 0.0197895828
vt 0.479472507 0.0201822014
vt 0.49158111 0.00827628909
vt 0.368090204 0.00978009738
vt 0.386293312 0.0112004456
vt 0.373058208 0.0173258562
vt 0.348120421 0.0199171902
vt 0.324855929 0.0131088317
vt 0.344112361 0.00746013594
vt 0.296236914 0.0178273801
vt 0.296159621 0.00529615326
vt 0.466893827 0.0104552844
vt 0.453746166 0.0219468225
vt 0.427736899 0.0162623763
vt 0.44218799 0.0100397651
vt 0.401012279 0.0208301621
vt 0.212484274 0.0100795868
vt 0.224312087 0.00826127645
vt 0.203854325 0.0169113548
vt 0.193083113 0.0211323233
vt 0.184395488 0.0166446896
vt 0.200076083 0.00746916897
vt 0.16994581 0.0247166542
vt 0.179140956 0.0109730932
vt 0.249563921 0.00790924282
vt 0.241313564 0.0146625125
vt 0.227112106 0.0185995132
vt 0.166675708 0.0213674364
vt 0.273490642 0.00389361666
vt 0.282247341 0.0138212959
vt 0.751035308 0.0169826012
vt 0.792400399 0.0227865124
vt 0.609221713 0.0182146553
vt 0.703049201 0.0136142996
vt 0.315236412 0.0075513568
vt 0.416232095 0.0103314938
vt 0.215944753 0.0157687404
vt 0.183020881 0.0124744842
vt 0.255299394 0.0147198913
vt 0.171312049 0.0140798186
vt 0.811581682 0.0354780437
vt 0.804508461 0.0238160231
vt 0.796676241 0.0124971304
vt 0.797321837 0.013243691
vt 0.795878305 0.014415949
vt 0.791222066 0.0153295571
vt 0.782205709 0.0160033446
vt 0.7696402 0.0168252229
vt 0.753913443 0.0177747087
vt 0.735643572 0.0192568886
vt 0.715303649 0.0208128594
vt 0.693200914 0.0220209951
vt 0.670722873 0.0230302769
vt 0.64804869 0.0239006282
vt 0.625299684 0.0247013871
vt 0.602771138 0.0254380241
vt 0.580206604 0.0262073582
vt 0.556417256 0.0265784757
vt 0.531938816 0.0269516288
vt 0.507497296 0.0271282181
vt 0.482916809 0.0271698209
vt 0.458493687 0.0271539177
vt 0.434058772 0.0271097704
vt 0.409632218 0.0268494665
vt 0.385835546 0.0265074837
vt 0.363269037 0.0258848409
vt 0.340709903 0.02528917
vt 0.318274692 0.0246853566
vt 0.295829728 0.0239415949
vt 0.27356215 0.0230567399
vt 0.251651758 0.0219727765
vt 0.23120854 0.0208512816
vt 0.213005424 0.0196479805
vt 0.197154706 0.0185348825
vt 0.184291427 0.017365169
vt 0.174999726 0.0163019435
vt 0.169559871 0.0152401174
vt 0.167533321 0.0137739679
vt 0.167653762 0.0129355503
vt 0.160394208 0.0243331958
vt 0.153109532 0.0361374547
vt 0.152917133 0.0371882121
vt 0.151704562 0.0378438064
vt 0.165767028 0.0397451951
vt 0.176882641 0.0411670064
vt 0.184123139 0.0412528838
vt 0.201868041 0.042372534
vt 0.22632763 0.0447649505
vt 0.249399564 0.0458262676
vt 0.270369865 0.0459912794
vt 0.297205066 0.0474449608
vt 0.322674944 0.047599222
vt 0.348470942 0.0482766991
vt 0.364729482 0.0487051318
vt 0.390767018 0.0497578612
vt 0.417595002 0.0505413809
vt 0.442925986 0.0499319696
vt 0.467769491 0.0505520679
vt 0.494323432 0.0505044855
vt 0.521525284 0.0504418268
vt 0.548656015 0.0504158727
vt 0.575476123 0.0488573574
vt 0.601421728 0.0483419023
vt 0.619928418 0.0478125796
vt 0.645828132 0.0471823032
vt 0.672612789 0.0459989766
vt 0.696024463 0.0457356193
vt 0.720254926 0.044066672
vt 0.739669491 0.0430365251
vt 0.7607461 0.0416670036
vt 0.784080032 0.0395110362
vt 0.790550561 0.0398108436
vt 0.801779726 0.0385254183
vt 0.813884624 0.0369480099
vt 0.811959141 0.0363855449
vt 0.160332845 0.0252830632
vt 0.804813738 0.0246845933
vt 0.185797912 0.0300930869
vt 0.157491532 0.0320043992
vt 0.16550563 0.0273465375
vt 0.163465134 0.0234609361
vt 0.219510977 0.0326229708
vt 0.358146074 0.0380876982
vt 0.406250736 0.0393118643
vt 0.287030555 0.0359654455
vt 0.456735878 0.039574331
vt 0.258579716 0.0337364505
vt 0.327247788 0.0360651905
vt 0.608688096 0.0375749148
vt 0.656336728 0.0358990337
vt 0.508062273 0.0395805014
vt 0.55973973 0.0390058227
vt 0.800193364 0.026639544
vt 0.808016749 0.0311488061
vt 0.801709491 0.0227681919
vt 0.726541556 0.0323800968
vt 0.765672948 0.0294469073
vt 0.685287096 0.0336839063
vt 0.781952266 0.0278638374
vt 0.18311139 0.0374086944
vt 0.200388286 0.0280858463
vt 0.211720801 0.0271723655
vt 0.188101884 0.0225352416
vt 0.17325584 0.0298287118
vt 0.16197866 0.0347620172
vt 0.16940815 0.020037673
vt 0.237648052 0.0298672612
vt 0.230153924 0.0369366868
vt 0.216842669 0.0398137698
vt 0.356561809 0.0450062341
vt 0.373585179 0.0333361983
vt 0.390817476 0.0348991666
vt 0.379276408 0.0421516065
vt 0.351124407 0.0310514784
vt 0.405120305 0.0464742283
vt 0.421154366 0.0337629134
vt 0.439733397 0.0356565414
vt 0.425990378 0.0423800403
vt 0.305186311 0.0321133044
vt 0.283254504 0.0286198127
vt 0.285146966 0.043102937
vt 0.470354616 0.0335641868
vt 0.48962079 0.0359897456
vt 0.4752249 0.0421083497
vt 0.455816278 0.0465697113
vt 0.261072717 0.0266062109
vt 0.261829956 0.0412992576
vt 0.32869863 0.0290061973
vt 0.333437647 0.0433065618
vt 0.592558552 0.0329503226
vt 0.575274205 0.0346070563
vt 0.587241469 0.041753708
vt 0.609546186 0.0445505751
vt 0.632971245 0.0375020781
vt 0.615263464 0.0305171303
vt 0.65808462 0.0429142612
vt 0.660903733 0.0286687947
vt 0.507763939 0.0466858684
vt 0.533526011 0.0400455751
vt 0.519841174 0.0331456141
vt 0.560833105 0.0461029836
vt 0.804415238 0.0338379766
vt 0.796290845 0.0193313156
vt 0.791974251 0.0252845899
vt 0.707506359 0.0296243872
vt 0.71413752 0.0366996653
vt 0.728351334 0.039598313
vt 0.747759459 0.031808726
vt 0.727857889 0.0248857372
vt 0.76893062 0.0368622598
vt 0.764452309 0.0219330821
vt 0.683328142 0.0265844553
vt 0.672394127 0.0383553175
vt 0.778493323 0.0206430131
vt 0.783863803 0.0354599776
vt 0.1990394 0.0366957849
vt 0.176581389 0.0220038196
vt 0.2446279 0.0380078004
vt 0.441954826 0.0430235481
vt 0.309590868 0.0409291579
vt 0.642534163 0.0312872277
vt 0.546018332 0.0334541366
vt 0.791118921 0.0318031281
vt 0.699108325 0.0380881434
vt 0.754669971 0.0254490928
vt 0.127723442 0.0653236765
vt 0.103508816 0.0946127603
vt 0.0775424979 0.14155378
vt 0.0583335664 0.188112804
vt 0.0503441403 0.234862158
vt 0.0481963449 0.281648408
vt 0.0460136939 0.328472888
vt 0.0440548901 0.375298069
vt 0.042257448 0.422096214
vt 0.0407376529 0.468857718
vt 0.0392816536 0.515589261
vt 0.0381796019 0.562286388
vt 0.037155423 0.608953523
vt 0.0363254773 0.655578736
vt 0.0359585385 0.702163492
vt 0.036183172 0.748698503
vt 0.0371498821 0.795180492
vt 0.0433757857 0.795659147
vt 0.0776784386 0.797881558
vt 0.12629234 0.799818315
vt 0.190090621 0.801261628
vt 0.261205344 0.802233124
vt 0.335634282 0.802855766
vt 0.411220185 0.803208531
vt 0.487251306 0.803277456
vt 0.563268679 0.803079207
vt 0.638691742 0.802600043
vt 0.712488037 0.801760066
vt 0.783527359 0.800579443
vt 0.850347427 0.799131773
vt 0.912861273 0.797551661
vt 0.969551795 0.795920532
vt 0.981324985 0.795595947
vt 0.977051595 0.748979003
vt 0.97279876 0.70230872
vt 0.968298303 0.655587292
vt 0.963889946 0.608835362
vt 0.959209671 0.562043896
vt 0.954332691 0.515228258
vt 0.949292365 0.46838024
vt 0.944095657 0.42150366
vt 0.938126585 0.374596992
vt 0.931972339 0.327691468
vt 0.925278262 0.280813998
vt 0.916159641 0.234068142
vt 0.907431882 0.18728132
vt 0.888138189 0.140726813
vt 0.8609742 0.093753414
vt 0.837374209 0.0642925754
vt 0.0425376782 0.749172418
vt 0.0425246121 0.702630951
vt 0.0429527634 0.656046386
vt 0.0437007554 0.609426612
vt 0.0445900419 0.562765203
vt 0.0455407656 0.516076217
vt 0.0467948567 0.469351227
vt 0.0480211683 0.422595639
vt 0.049474397 0.375801883
vt 0.0509365362 0.328978547
vt 0.0524476455 0.282128685
vt 0.0539919631 0.23522895
vt 0.0605633156 0.188272727
vt 0.0793643876 0.141549263
vt 0.104762982 0.0951340041
vt 0.121289827 0.0650875455
vt 0.842345759 0.0645369125
vt 0.860539085 0.0942925331
vt 0.887529207 0.140627386
vt 0.905909054 0.187392643
vt 0.913064753 0.234400265
vt 0.921173722 0.281248919
vt 0.92624179 0.328168119
vt 0.931187283 0.375066073
vt 0.936294399 0.421955884
vt 0.94076936 0.46881179
vt 0.945129196 0.515638624
vt 0.949410822 0.562432444
vt 0.953564931 0.609205144
vt 0.957472281 0.655937831
vt 0.961603065 0.702647522
vt 0.965477618 0.749306387
vt 0.485945716 0.365099781
vt 0.268771355 0.228749216
vt 0.150307604 0.12814584
vt 0.757668135 0.187499512
vt 0.293326694 0.137982172
vt 0.485768395 0.190309166
vt 0.81368837 0.122878504
vt 0.707027609 0.118292906
vt 0.482676668 0.120703134
vt 0.0589621657 0.773546008
vt 0.15587155 0.68766561
vt 0.879203018 0.730681429
vt 0.939700816 0.773429756
vt 0.923346302 0.739976732
vt 0.891381334 0.765424617
vt 0.226209061 0.406598783
vt 0.524660393 0.583423355
vt 0.730557347 0.453019831
vt 0.127950659 0.26387389
vt 0.113228856 0.120931759
vt 0.860700147 0.214855656
vt 0.854831972 0.119909882
vt 0.0957817991 0.635928275
vt 0.156486596 0.74644155
vt 0.0982545269 0.755504794
vt 0.298680308 0.711843113
vt 0.815989627 0.754618316
vt 0.903282415 0.681089279
vt 0.11980077 0.356900145
vt 0.118093555 0.450313994
vt 0.524884666 0.694489553
vt 0.849842676 0.449344661
vt 0.0895411446 0.214516281
vt 0.143550367 0.0845422701
vt 0.895898302 0.212439511
vt 0.878539975 0.166235892
vt 0.881619625 0.266738314
vt 0.898705658 0.244006827
vt 0.830195709 0.0792336487
vt 0.0636487685 0.63415109
vt 0.0794886099 0.683330329
vt 0.0775979824 0.586756384
vt 0.156827066 0.778285708
vt 0.225070375 0.760448786
vt 0.115705814 0.715887047
vt 0.0679245542 0.727588698
vt 0.373486949 0.74918196
vt 0.747504163 0.761499925
vt 0.816858509 0.782954861
vt 0.924505635 0.708078885
vt 0.938587008 0.679970647
vt 0.909460172 0.634177362
vt 0.0732893628 0.354504103
vt 0.0727460868 0.448068586
vt 0.525041544 0.751207998
vt 0.902709787 0.447221199
vt 0.841777249 0.356326929
vt 0.843639985 0.542889234
vt 0.0655577786 0.212755413
vt 0.0772209351 0.26082219
vt 0.10855135 0.166218144
vt 0.197492536 0.0913760737
vt 0.139193601 0.0729859105
vt 0.845841467 0.144341169
vt 0.804623361 0.164951994
vt 0.897637039 0.306645149
vt 0.848799104 0.306198014
vt 0.0552205959 0.68021174
vt 0.113717396 0.670045162
vt 0.056403291 0.586988094
vt 0.279532421 0.563354767
vt 0.0719407384 0.54142512
vt 0.205445591 0.717926348
vt 0.3734514 0.780901088
vt 0.762318478 0.656983945
vt 0.0899224973 0.402563246
vt 0.525173142 0.782156933
vt 0.60076139 0.76202947
vt 0.449187766 0.762402464
vt 0.877847767 0.399823312
vt 0.904049688 0.540863354
vt 0.074421478 0.307643299
vt 0.0995633537 0.244387931
vt 0.0898037786 0.150070144
vt 0.175420015 0.199245375
vt 0.129315681 0.218330699
vt 0.136113614 0.184320904
vt 0.175036116 0.0706356057
vt 0.212608871 0.137320661
vt 0.176339253 0.16487146
vt 0.249820658 0.179471568
vt 0.759343769 0.133060889
vt 0.755809068 0.0889031869
vt 0.725873346 0.15444372
vt 0.602856256 0.151398063
vt 0.656265239 0.144298484
vt 0.632598185 0.096591057
vt 0.65347984 0.21268264
vt 0.625499814 0.123702418
vt 0.592525644 0.0898940846
vt 0.693247432 0.185555312
vt 0.635719485 0.177741298
vt 0.571583552 0.198176551
vt 0.810406924 0.203511763
vt 0.819850627 0.25824695
vt 0.87358063 0.331654105
vt 0.168142228 0.588636939
vt 0.155613409 0.635967079
vt 0.0904022021 0.496144396
vt 0.254918116 0.732272737
vt 0.772307703 0.710041406
vt 0.841665981 0.652411261
vt 0.153743223 0.409406973
vt 0.0905195356 0.373459721
vt 0.0681590341 0.386949021
vt 0.0894396851 0.431644506
vt 0.675536431 0.762932773
vt 0.576725113 0.722672918
vt 0.637031438 0.651585279
vt 0.590700029 0.682253554
vt 0.661296223 0.711703483
vt 0.553223623 0.633974342
vt 0.62484132 0.734164997
vt 0.642675382 0.682640256
vt 0.710630393 0.682519551
vt 0.5460712 0.665405303
vt 0.397845808 0.643861309
vt 0.468788445 0.662551948
vt 0.703531601 0.640825639
vt 0.772604575 0.589421159
vt 0.644017137 0.580198087
vt 0.750984728 0.622371736
vt 0.809617188 0.619584474
vt 0.709538019 0.591360874
vt 0.658606986 0.616361274
vt 0.864952084 0.615797345
vt 0.82856079 0.581593627
vt 0.741055554 0.52299488
vt 0.597647511 0.60652771
vt 0.881528312 0.577255674
vt 0.741477528 0.559991999
vt 0.794359428 0.554308189
vt 0.680305699 0.543039423
vt 0.67860586 0.492761273
vt 0.581054081 0.53311995
vt 0.584326438 0.570255777
vt 0.627540132 0.54947043
vt 0.631099159 0.514094549
vt 0.569672979 0.434999004
vt 0.614008624 0.470669222
vt 0.473122695 0.722893146
vt 0.878492615 0.429389875
vt 0.911841474 0.399813834
vt 0.900210066 0.361192869
vt 0.903933665 0.494062219
vt 0.0920228577 0.332646656
vt 0.144819584 0.313057327
vt 0.0993386454 0.286989026
vt 0.258415247 0.104068305
vt 0.338335752 0.0959981214
vt 0.241164146 0.0751263564
vt 0.183610675 0.118685652
vt 0.225196507 0.211078705
vt 0.204807744 0.260902342
vt 0.172694144 0.233496135
vt 0.813426409 0.0865773731
vt 0.685384812 0.0826879549
vt 0.85202222 0.274586107
vt 0.118128523 0.601628405
vt 0.121015587 0.552428811
vt 0.252482434 0.624401718
vt 0.0898224606 0.467059382
vt 0.0673615478 0.480489904
vt 0.298528718 0.766150439
vt 0.778174137 0.739383892
vt 0.82868123 0.71650635
vt 0.868129412 0.699020857
vt 0.809005585 0.682129636
vt 0.882434858 0.655623488
vt 0.181754847 0.367288127
vt 0.0667372914 0.417917485
vt 0.711431174 0.732264753
vt 0.461805874 0.61416523
vt 0.916012469 0.59870374
vt 0.734781317 0.488037126
vt 0.808066505 0.497551767
vt 0.670266137 0.456543793
vt 0.683821419 0.348710051
vt 0.692680307 0.40325599
vt 0.516268419 0.486539743
vt 0.403381273 0.694283638
vt 0.872489548 0.370842305
vt 0.879304553 0.47094034
vt 0.860199814 0.506540902
vt 0.295874356 0.0792964983
vt 0.382571341 0.147743312
vt 0.166730931 0.283795597
vt 0.262941424 0.320074017
vt 0.221193145 0.294956984
vt 0.201891534 0.331462821
vt 0.295163709 0.275472488
vt 0.728807658 0.0746592471
vt 0.0904695547 0.56188919
vt 0.199342599 0.534621659
vt 0.0954269906 0.527731368
vt 0.14439001 0.508075499
vt 0.198615704 0.617406688
vt 0.235183018 0.588112992
vt 0.231631244 0.557574965
vt 0.213418993 0.662904967
vt 0.0656854078 0.511308242
vt 0.324281166 0.739193467
vt 0.145499025 0.379750588
vt 0.151845856 0.34356746
vt 0.49994169 0.636571465
vt 0.372870114 0.585206488
vt 0.918609793 0.568294561
vt 0.785151571 0.524329987
vt 0.77685391 0.330410218
vt 0.560046078 0.467088962
vt 0.580086191 0.498976696
vt 0.455909246 0.693092328
vt 0.422318604 0.668305573
vt 0.335439759 0.671275467
vt 0.416824603 0.727398528
vt 0.352077021 0.130865672
vt 0.333086227 0.182417226
vt 0.390497963 0.0980760358
vt 0.254483637 0.364934069
vt 0.253640326 0.258048159
vt 0.382050257 0.326553815
vt 0.163842706 0.556650542
vt 0.22525508 0.471923731
vt 0.406808576 0.611356722
vt 0.448046768 0.565761051
vt 0.820072902 0.330968103
vt 0.350608517 0.703044976
vt 0.327388867 0.62539427
vt 0.289711331 0.598211472
vt 0.275023279 0.660445821
vt 0.29544349 0.16718207
vt 0.359905965 0.235041992
vt 0.428757914 0.125269457
vt 0.438477485 0.163681327
vt 0.416090126 0.206441581
vt 0.370889119 0.418100244
vt 0.324111081 0.310249773
vt 0.327721484 0.354484001
vt 0.379609474 0.280296062
vt 0.193987337 0.438004203
vt 0.166280091 0.471638237
vt 0.196738985 0.500108432
vt 0.272771422 0.513141437
vt 0.477956236 0.587642288
vt 0.50834806 0.540422454
vt 0.536183298 0.514715474
vt 0.310906415 0.245724183
vt 0.363736583 0.201505095
vt 0.393758003 0.177666871
vt 0.301270239 0.400907466
vt 0.401566777 0.373522316
vt 0.478977488 0.302679205
vt 0.349659291 0.535604478
vt 0.314851933 0.46315088
vt 0.35053465 0.385019197
vt 0.456662528 0.413223491
vt 0.499650999 0.44579837
vt 0.414060071 0.479671906
vt 0.467070012 0.472103565
vt 0.455619518 0.513155941
vt 0.39619654 0.513602567
vt 0.357224684 0.48741442
vt 0.402226301 0.546743092
vt 0.374068066 0.453464167
vt 0.435696912 0.344160777
vt 0.421797754 0.303301784
vt 0.483222244 0.24660554
vt 0.436174328 0.26883493
vt 0.431658489 0.237138799
vt 0.300800698 0.537442572
vt 0.331329949 0.565277275
vt 0.321987322 0.430941011
vt 0.272771291 0.481627239
vt 0.447801253 0.38427957
vt 0.526011362 0.400206262
vt 0.609902436 0.389517009
vt 0.571995652 0.406593757
vt 0.557238226 0.362036185
vt 0.619342162 0.351068562
vt 0.518817662 0.332362052
vt 0.647811589 0.282563861
vt 0.649760734 0.318922879
vt 0.56274329 0.287552064
vt 0.715506717 0.312661909
vt 0.589072157 0.320038267
vt 0.773375667 0.287759696
vt 0.744788008 0.238522316
vt 0.706911549 0.21639725
vt 0.677573464 0.248855527
vt 0.714606387 0.275644434
vt 0.322483312 0.509646292
vt 0.63201907 0.425763305
vt 0.66009479 0.377682852
vt 0.850533723 0.179619977
vt 0.808653435 0.406235044
vt 0.524517156 0.090670925
vt 0.472520011 0.0860194246
vt 0.54724235 0.130726551
vt 0.432921327 0.0794208614
vt 0.503667078 0.15553468
vt 0.792586283 0.455785273
vt 0.819349919 0.433650665
vt 0.766336684 0.426387666
vt 0.775606633 0.48223277
vt 0.247181458 0.693145445
vt 0.748186937 0.372371177
vt 0.797671143 0.363264549
vt 0.74264068 0.402315283
vt 0.286601093 0.198503967
vt 0.325156095 0.215634786
vt 0.354819449 0.0802554623
vt 0.430520608 0.444271725
vt 0.5221965 0.219012184
vt 0.543971734 0.253128912
vt 0.505598112 0.275260721
vt 0.611900832 0.250208255
vt 0.575736379 0.228917981
vt 0.7928673 0.23188533
vt 0.558443253 0.164718025
vt 0.258965 0.440395475
g lower_skirt
f 12/12 20/20 11/11
f 13/13 14/14 18/18
f 13/13 19/19 12/12
f 15/15 16/16 21/21
f 23/23 31/31 991/991
f 17/17 1/1 23/23
f 30/30 9/9 998/998
f 1/1 2/2 31/31
f 16/16 17/17 24/24
f 15/15 22/22 14/14
f 983/983 10/10 984/984
f 13/13 18/18 19/19
f 984/984 10/10 20/20
f 20/20 12/12 19/19
f 19/19 985/985 20/20
f 20/20 10/10 11/11
f 18/18 986/986 19/19
f 22/22 988/988 987/987
f 21/21 988/988 22/22
f 21/21 989/989 988/988
f 22/22 987/987 18/18
f 987/987 986/986 18/18
f 21/21 16/16 24/24
f 990/990 989/989 24/24
f 984/984 20/20 985/985
f 991/991 990/990 23/23
f 3/3 25/25 2/2
f 6/6 7/7 29/29
f 26/26 5/5 27/27
f 19/19 986/986 985/985
f 996/996 29/29 997/997
f 4/4 28/28 3/3
f 29/29 7/7 30/30
f 26/26 28/28 4/4
f 9/9 30/30 8/8
f 18/18 14/14 22/22
f 995/995 27/27 996/996
f 29/29 27/27 6/6
f 993/993 28/28 994/994
f 29/29 30/30 997/997
f 23/23 1/1 31/31
f 991/991 31/31 992/992
f 24/24 17/17 23/23
f 25/25 28/28 993/993
f 25/25 992/992 31/31
f 24/24 23/23 990/990
f 28/28 25/25 3/3
f 26/26 27/27 995/995
f 994/994 26/26 995/995
f 997/997 30/30 998/998
f 999/999 998/998 9/9
f 4/4 5/5 26/26
f 29/29 996/996 27/27
f 992/992 25/25 993/993
f 26/26 994/994 28/28
f 21/21 24/24 989/989
f 6/6 27/27 5/5
f 31/31 2/2 25/25
f 8/8 30/30 7/7
f 15/15 21/21 22/22
f 39/39 38/38 68/68
f 65/65 64/64 75/75
f 67/67 44/44 43/43
f 72/72 33/33 71/71
f 51/51 73/73 52/52
f 38/38 37/37 67/67
f 35/35 34/34 69/69
f 42/42 68/68 43/43
f 72/72 71/71 48/48
f 34/34 33/33 72/72
f 66/66 36/36 70/70
f 37/37 66/66 67/67
f 70/70 46/46 45/45
f 35/35 70/70 36/36
f 60/60 78/78 77/77
f 41/41 40/40 42/42
f 69/69 34/34 72/72
f 42/42 40/40 68/68
f 68/68 38/38 67/67
f 65/65 79/79 32/32
f 35/35 69/69 70/70
f 66/66 44/44 67/67
f 69/69 72/72 47/47
f 69/69 46/46 70/70
f 69/69 47/47 46/46
f 64/64 63/63 73/73
f 45/45 44/44 66/66
f 71/71 32/32 79/79
f 48/48 47/47 72/72
f 77/77 76/76 61/61
f 49/49 48/48 71/71
f 55/55 77/77 78/78
f 73/73 63/63 74/74
f 68/68 40/40 39/39
f 75/75 64/64 73/73
f 37/37 36/36 66/66
f 62/62 76/76 74/74
f 67/67 43/43 68/68
f 59/59 58/58 78/78
f 54/54 77/77 55/55
f 62/62 61/61 76/76
f 59/59 78/78 60/60
f 70/70 45/45 66/66
f 33/33 32/32 71/71
f 78/78 58/58 56/56
f 53/53 76/76 54/54
f 73/73 51/51 75/75
f 62/62 74/74 63/63
f 79/79 49/49 71/71
f 75/75 50/50 79/79
f 56/56 55/55 78/78
f 56/56 58/58 57/57
f 74/74 76/76 53/53
f 50/50 75/75 51/51
f 60/60 77/77 61/61
f 52/52 74/74 53/53
f 73/73 74/74 52/52
f 76/76 77/77 54/54
f 65/65 75/75 79/79
f 50/50 49/49 79/79
f 86/86 103/103 87/87
f 110/110 119/119 101/101
f 117/117 116/116 14/14
f 102/102 103/103 109/109
f 85/85 109/109 86/86
f 118/118 115/115 114/114
f 101/101 109/109 110/110
f 2/2 129/129 3/3
f 84/84 83/83 113/113
f 104/104 101/101 111/111
f 103/103 102/102 88/88
f 120/120 121/121 122/122
f 123/123 125/125 156/156
f 102/102 89/89 88/88
f 156/156 113/113 83/83
f 118/118 122/122 116/116
f 90/90 112/112 11/11
f 110/110 113/113 105/105
f 110/110 154/154 113/113
f 102/102 104/104 89/89
f 104/104 90/90 89/89
f 119/119 105/105 117/117
f 100/100 99/99 134/134
f 155/155 13/13 12/12
f 103/103 86/86 109/109
f 118/118 116/116 105/105
f 122/122 121/121 16/16
f 102/102 101/101 104/104
f 15/15 14/14 116/116
f 157/157 126/126 123/123
f 124/124 162/162 160/160
f 97/97 96/96 149/149
f 125/125 126/126 106/106
f 105/105 115/115 118/118
f 127/127 135/135 98/98
f 155/155 104/104 111/111
f 137/137 100/100 134/134
f 154/154 109/109 85/85
f 134/134 135/135 136/136
f 87/87 103/103 88/88
f 94/94 93/93 141/141
f 109/109 101/101 102/102
f 150/150 95/95 141/141
f 5/5 145/145 6/6
f 150/150 151/151 149/149
f 108/108 152/152 149/149
f 156/156 115/115 113/113
f 83/83 82/82 156/156
f 82/82 81/81 123/123
f 93/93 92/92 139/139
f 13/13 111/111 117/117
f 132/132 129/129 131/131
f 154/154 85/85 84/84
f 3/3 132/132 4/4
f 137/137 134/134 107/107
f 112/112 104/104 155/155
f 139/139 143/143 142/142
f 90/90 104/104 112/112
f 117/117 105/105 116/116
f 145/145 147/147 163/163
f 7/7 144/144 8/8
f 11/11 112/112 12/12
f 117/117 111/111 119/119
f 164/164 4/4 132/132
f 138/138 139/139 142/142
f 105/105 113/113 115/115
f 120/120 118/118 114/114
f 130/130 159/159 160/160
f 120/120 122/122 118/118
f 13/13 117/117 14/14
f 101/101 119/119 111/111
f 105/105 119/119 110/110
f 125/125 120/120 114/114
f 120/120 106/106 121/121
f 161/161 121/121 106/106
f 17/17 16/16 121/121
f 16/16 15/15 122/122
f 116/116 122/122 15/15
f 157/157 81/81 80/80
f 123/123 126/126 125/125
f 158/158 100/100 137/137
f 131/131 133/133 107/107
f 120/120 125/125 106/106
f 125/125 114/114 156/156
f 157/157 123/123 81/81
f 161/161 124/124 160/160
f 165/165 149/149 152/152
f 148/148 145/145 5/5
f 128/128 131/131 136/136
f 98/98 97/97 165/165
f 159/159 2/2 1/1
f 129/129 133/133 131/131
f 129/129 159/159 133/133
f 160/160 1/1 17/17
f 131/131 107/107 136/136
f 132/132 131/131 128/128
f 132/132 128/128 164/164
f 3/3 129/129 132/132
f 159/159 129/129 2/2
f 137/137 133/133 130/130
f 135/135 134/134 99/99
f 133/133 137/137 107/107
f 98/98 135/135 99/99
f 136/136 135/135 127/127
f 136/136 127/127 128/128
f 107/107 134/134 136/136
f 130/130 162/162 137/137
f 157/157 158/158 124/124
f 141/141 93/93 139/139
f 143/143 144/144 140/140
f 143/143 92/92 91/91
f 141/141 139/139 138/138
f 6/6 163/163 7/7
f 147/147 151/151 142/142
f 141/141 138/138 150/150
f 141/141 95/95 94/94
f 143/143 139/139 92/92
f 142/142 140/140 147/147
f 144/144 143/143 91/91
f 142/142 143/143 140/140
f 8/8 144/144 91/91
f 144/144 7/7 163/163
f 164/164 148/148 4/4
f 147/147 145/145 108/108
f 153/153 128/128 127/127
f 108/108 145/145 146/146
f 108/108 151/151 147/147
f 147/147 140/140 163/163
f 4/4 148/148 5/5
f 146/146 145/145 148/148
f 150/150 149/149 96/96
f 152/152 108/108 146/146
f 150/150 96/96 95/95
f 151/151 150/150 138/138
f 151/151 138/138 142/142
f 108/108 149/149 151/151
f 146/146 153/153 152/152
f 165/165 127/127 98/98
f 128/128 153/153 146/146
f 165/165 153/153 127/127
f 113/113 154/154 84/84
f 109/109 154/154 110/110
f 155/155 12/12 112/112
f 111/111 13/13 155/155
f 156/156 82/82 123/123
f 115/115 156/156 114/114
f 158/158 157/157 80/80
f 126/126 157/157 124/124
f 100/100 158/158 80/80
f 158/158 137/137 162/162
f 160/160 159/159 1/1
f 133/133 159/159 130/130
f 161/161 17/17 121/121
f 126/126 124/124 161/161
f 126/126 161/161 106/106
f 17/17 161/161 160/160
f 160/160 162/162 130/130
f 158/158 162/162 124/124
f 163/163 6/6 145/145
f 144/144 163/163 140/140
f 128/128 146/146 164/164
f 148/148 164/164 146/146
f 149/149 165/165 97/97
f 165/165 152/152 153/153
f 172/172 189/189 173/173
f 245/245 242/242 243/243
f 200/200 172/172 171/171
f 200/200 188/188 189/189
f 168/168 167/167 214/214
f 196/196 178/178 177/177
f 170/170 169/169 204/204
f 190/190 187/187 202/202
f 234/234 200/200 171/171
f 189/189 188/188 174/174
f 209/209 213/213 207/207
f 211/211 212/212 213/213
f 173/173 189/189 174/174
f 200/200 201/201 187/187
f 203/203 190/190 235/235
f 248/248 199/199 227/227
f 190/190 175/175 188/188
f 64/64 223/223 63/63
f 177/177 229/229 196/196
f 39/39 176/176 203/203
f 175/175 190/190 176/176
f 197/197 195/195 194/194
f 252/252 249/249 194/194
f 174/174 188/188 175/175
f 180/180 198/198 181/181
f 207/207 35/35 36/36
f 209/209 207/207 191/191
f 195/195 198/198 179/179
f 37/37 38/38 235/235
f 198/198 197/197 181/181
f 212/212 34/34 213/213
f 230/230 60/60 61/61
f 217/217 215/215 238/238
f 201/201 204/204 191/191
f 184/184 218/218 185/185
f 189/189 172/172 200/200
f 222/222 246/246 218/218
f 235/235 190/190 202/202
f 193/193 222/222 221/221
f 188/188 187/187 190/190
f 180/180 179/179 198/198
f 37/37 202/202 208/208
f 195/195 197/197 198/198
f 195/195 179/179 178/178
f 231/231 233/233 239/239
f 240/240 241/241 219/219
f 196/196 195/195 178/178
f 214/214 216/216 236/236
f 240/240 221/221 218/218
f 197/197 249/249 181/181
f 32/32 33/33 247/247
f 248/248 32/32 247/247
f 200/200 187/187 188/188
f 226/226 199/199 231/231
f 222/222 224/224 220/220
f 234/234 171/171 170/170
f 223/223 225/225 244/244
f 223/223 193/193 225/225
f 201/201 210/210 187/187
f 230/230 196/196 229/229
f 60/60 229/229 59/59
f 210/210 191/191 208/208
f 39/39 203/203 38/38
f 208/208 191/191 207/207
f 195/195 196/196 194/194
f 201/201 234/234 204/204
f 176/176 190/190 203/203
f 246/246 232/232 186/186
f 169/169 168/168 236/236
f 166/166 186/186 231/231
f 191/191 204/204 206/206
f 236/236 206/206 204/204
f 236/236 204/204 169/169
f 209/209 206/206 205/205
f 208/208 207/207 36/36
f 191/191 206/206 209/209
f 37/37 208/208 36/36
f 208/208 202/202 210/210
f 211/211 209/209 205/205
f 211/211 213/213 209/209
f 187/187 210/210 202/202
f 191/191 210/210 201/201
f 216/216 211/211 205/205
f 211/211 192/192 212/212
f 238/238 212/212 192/192
f 33/33 34/34 212/212
f 34/34 35/35 213/213
f 207/207 213/213 35/35
f 239/239 167/167 166/166
f 214/214 217/217 216/216
f 216/216 217/217 192/192
f 239/239 217/217 214/214
f 211/211 216/216 192/192
f 216/216 205/205 236/236
f 239/239 214/214 167/167
f 238/238 215/215 237/237
f 240/240 184/184 183/183
f 221/221 222/222 218/218
f 241/241 183/183 182/182
f 225/225 219/219 250/250
f 193/193 223/223 224/224
f 226/226 231/231 220/220
f 240/240 218/218 184/184
f 225/225 221/221 219/219
f 224/224 222/222 193/193
f 220/220 232/232 246/246
f 227/227 228/228 65/65
f 193/193 221/221 225/225
f 228/228 223/223 64/64
f 224/224 227/227 226/226
f 219/219 252/252 250/250
f 63/63 244/244 62/62
f 220/220 224/224 226/226
f 224/224 228/228 227/227
f 251/251 65/65 32/32
f 199/199 226/226 227/227
f 223/223 228/228 224/224
f 65/65 228/228 64/64
f 59/59 229/229 177/177
f 230/230 229/229 60/60
f 245/245 62/62 244/244
f 196/196 230/230 253/253
f 232/232 231/231 186/186
f 233/233 231/231 199/199
f 246/246 186/186 185/185
f 220/220 231/231 232/232
f 237/237 233/233 199/199
f 233/233 215/215 239/239
f 204/204 234/234 170/170
f 200/200 234/234 201/201
f 235/235 38/38 203/203
f 202/202 37/37 235/235
f 236/236 168/168 214/214
f 206/206 236/236 205/205
f 33/33 212/212 238/238
f 237/237 215/215 233/233
f 217/217 238/238 192/192
f 238/238 237/237 247/247
f 239/239 166/166 231/231
f 217/217 239/239 215/215
f 241/241 240/240 183/183
f 221/221 240/240 219/219
f 249/249 241/241 182/182
f 241/241 249/249 252/252
f 253/253 242/242 252/252
f 243/243 230/230 61/61
f 62/62 243/243 61/61
f 253/253 243/243 242/242
f 223/223 244/244 63/63
f 225/225 250/250 245/245
f 62/62 245/245 243/243
f 225/225 245/245 244/244
f 218/218 246/246 185/185
f 220/220 246/246 222/222
f 238/238 247/247 33/33
f 248/248 247/247 237/237
f 227/227 65/65 251/251
f 237/237 199/199 248/248
f 181/181 249/249 182/182
f 194/194 249/249 197/197
f 252/252 219/219 241/241
f 245/245 250/250 242/242
f 32/32 248/248 251/251
f 227/227 251/251 248/248
f 253/253 252/252 194/194
f 250/250 252/252 242/242
f 196/196 253/253 194/194
f 243/243 253/253 230/230
f 400/400 350/350 558/558
f 267/267 41/41 42/42
f 395/395 396/396 397/397
f 533/533 330/330 400/400
f 282/282 266/266 267/267
f 282/282 42/42 321/321
f 369/369 422/422 372/372
f 283/283 265/265 266/266
f 265/265 284/284 264/264
f 282/282 267/267 42/42
f 310/310 309/309 412/412
f 263/263 264/264 285/285
f 56/56 313/313 325/325
f 262/262 263/263 286/286
f 261/261 262/262 287/287
f 298/298 349/349 299/299
f 259/259 260/260 289/289
f 300/300 351/351 301/301
f 291/291 257/257 258/258
f 507/507 409/409 441/441
f 259/259 290/290 258/258
f 406/406 407/407 331/331
f 288/288 260/260 261/261
f 479/479 314/314 489/489
f 282/282 283/283 266/266
f 506/506 401/401 439/439
f 358/358 321/321 333/333
f 43/43 44/44 333/333
f 382/382 383/383 381/381
f 44/44 45/45 355/355
f 356/356 332/332 355/355
f 324/324 516/516 417/417
f 356/356 441/441 409/409
f 428/428 376/376 427/427
f 389/389 393/393 501/501
f 333/333 321/321 43/43
f 359/359 410/410 411/411
f 49/49 50/50 415/415
f 285/285 286/286 263/263
f 353/353 354/354 331/331
f 287/287 262/262 286/286
f 425/425 520/520 370/370
f 284/284 405/405 353/353
f 287/287 288/288 261/261
f 289/289 260/260 288/288
f 402/402 404/404 286/286
f 291/291 258/258 290/290
f 291/291 290/290 369/369
f 693/693 636/636 640/640
f 290/290 259/259 289/289
f 352/352 402/402 353/353
f 284/284 285/285 264/264
f 291/291 292/292 257/257
f 283/283 284/284 265/265
f 559/559 706/706 705/705
f 374/374 453/453 424/424
f 432/432 382/382 380/380
f 255/255 256/256 293/293
f 254/254 255/255 294/294
f 542/542 513/513 581/581
f 293/293 294/294 255/255
f 373/373 292/292 291/291
f 295/295 254/254 294/294
f 296/296 295/295 346/346
f 294/294 344/344 295/295
f 256/256 292/292 293/293
f 256/256 257/257 292/292
f 254/254 295/295 296/296
f 313/313 312/312 365/365
f 376/376 429/429 523/523
f 1015/1015 1014/1014 297/297
f 802/802 1015/1015 678/678
f 297/297 395/395 679/679
f 296/296 297/297 1014/1014
f 428/428 459/459 429/429
f 679/679 678/678 297/297
f 296/296 346/346 395/395
f 297/297 678/678 1015/1015
f 1014/1014 254/254 296/296
f 440/440 352/352 331/331
f 373/373 291/291 369/369
f 414/414 308/308 307/307
f 397/397 391/391 684/684
f 686/686 391/391 390/390
f 390/390 688/688 687/687
f 333/333 44/44 355/355
f 469/469 466/466 460/460
f 435/435 690/690 689/689
f 422/422 423/423 370/370
f 689/689 688/688 435/435
f 681/681 395/395 397/397
f 435/435 688/688 390/390
f 328/328 344/344 431/431
f 342/342 454/454 455/455
f 365/365 325/325 313/313
f 333/333 332/332 357/357
f 349/349 348/348 299/299
f 375/375 427/427 378/378
f 383/383 384/384 388/388
f 680/680 679/679 395/395
f 339/339 450/450 324/324
f 383/383 388/388 319/319
f 417/417 364/364 337/337
f 684/684 391/391 685/685
f 683/683 397/397 684/684
f 356/356 45/45 46/46
f 295/295 344/344 346/346
f 600/600 601/601 602/602
f 54/54 55/55 338/338
f 680/680 395/395 681/681
f 503/503 394/394 502/502
f 404/404 352/352 555/555
f 408/408 332/332 356/356
f 329/329 459/459 438/438
f 344/344 345/345 431/431
f 484/484 316/316 476/476
f 699/699 630/630 528/528
f 364/364 53/53 363/363
f 325/325 338/338 55/55
f 467/467 429/429 637/637
f 55/55 56/56 325/325
f 362/362 416/416 448/448
f 614/614 569/569 568/568
f 337/337 363/363 338/338
f 448/448 583/583 547/547
f 363/363 53/53 54/54
f 366/366 311/311 420/420
f 337/337 338/338 367/367
f 268/268 312/312 313/313
f 414/414 413/413 443/443
f 339/339 420/420 450/450
f 271/271 309/309 310/310
f 446/446 413/413 444/444
f 272/272 308/308 309/309
f 270/270 310/310 311/311
f 53/53 364/364 52/52
f 311/311 312/312 269/269
f 418/418 419/419 364/364
f 313/313 56/56 57/57
f 379/379 307/307 306/306
f 269/269 312/312 268/268
f 349/349 330/330 348/348
f 426/426 292/292 457/457
f 270/270 311/311 269/269
f 272/272 309/309 271/271
f 358/358 282/282 321/321
f 369/369 372/372 341/341
f 273/273 308/308 272/272
f 367/367 324/324 337/337
f 308/308 273/273 307/307
f 333/333 355/355 332/332
f 271/271 310/310 270/270
f 306/306 305/305 375/375
f 276/276 305/305 306/306
f 505/505 503/503 504/504
f 277/277 304/304 305/305
f 306/306 307/307 275/275
f 375/375 378/378 343/343
f 274/274 275/275 307/307
f 702/702 587/587 594/594
f 276/276 277/277 305/305
f 547/547 553/553 336/336
f 527/527 528/528 525/525
f 275/275 276/276 306/306
f 307/307 273/273 274/274
f 304/304 277/277 303/303
f 345/345 294/294 293/293
f 268/268 313/313 57/57
f 328/328 381/381 346/346
f 302/302 398/398 303/303
f 317/317 558/558 531/531
f 700/700 587/587 701/701
f 702/702 701/701 587/587
f 485/485 477/477 316/316
f 558/558 350/350 559/559
f 350/350 330/330 349/349
f 462/462 430/430 464/464
f 349/349 399/399 350/350
f 707/707 399/399 708/708
f 320/320 586/586 528/528
f 524/524 487/487 320/320
f 384/384 392/392 437/437
f 700/700 528/528 587/587
f 630/630 639/639 525/525
f 443/443 309/309 308/308
f 640/640 639/639 695/695
f 394/394 636/636 690/690
f 690/690 636/636 691/691
f 392/392 384/384 315/315
f 48/48 410/410 47/47
f 284/284 353/353 285/285
f 682/682 681/681 397/397
f 285/285 402/402 286/286
f 697/697 696/696 639/639
f 42/42 43/43 321/321
f 327/327 465/465 473/473
f 351/351 348/348 330/330
f 695/695 694/694 640/640
f 348/348 351/351 300/300
f 302/302 303/303 278/278
f 301/301 302/302 279/279
f 348/348 300/300 299/299
f 280/280 301/301 279/279
f 357/357 332/332 322/322
f 300/300 280/280 281/281
f 300/300 301/301 280/280
f 368/368 311/311 310/310
f 279/279 302/302 278/278
f 303/303 277/277 278/278
f 399/399 706/706 350/350
f 711/711 298/298 967/967
f 710/710 709/709 349/349
f 365/365 338/338 325/325
f 711/711 710/710 298/298
f 298/298 299/299 968/968
f 710/710 349/349 298/298
f 967/967 298/298 968/968
f 399/399 709/709 708/708
f 358/358 283/283 282/282
f 842/842 711/711 967/967
f 406/406 354/354 357/357
f 968/968 299/299 281/281
f 300/300 281/281 299/299
f 345/345 344/344 294/294
f 346/346 344/344 328/328
f 347/347 398/398 439/439
f 401/401 438/438 439/439
f 352/352 353/353 331/331
f 356/356 355/355 45/45
f 416/416 362/362 415/415
f 46/46 47/47 441/441
f 405/405 284/284 283/283
f 332/332 408/408 322/322
f 406/406 357/357 322/322
f 358/358 357/357 354/354
f 357/357 358/358 333/333
f 405/405 358/358 354/354
f 411/411 48/48 49/49
f 507/507 359/359 512/512
f 451/451 447/447 421/421
f 368/368 450/450 420/420
f 379/379 306/306 375/375
f 343/343 462/462 377/377
f 50/50 51/51 416/416
f 362/362 442/442 411/411
f 338/338 363/363 54/54
f 364/364 363/363 337/337
f 417/417 337/337 324/324
f 419/419 418/418 340/340
f 312/312 366/366 365/365
f 365/365 366/366 367/367
f 311/311 366/366 312/312
f 367/367 366/366 339/339
f 365/365 367/367 338/338
f 339/339 324/324 367/367
f 412/412 368/368 310/310
f 368/368 360/360 451/451
f 422/422 290/290 289/289
f 373/373 369/369 556/556
f 423/423 289/289 288/288
f 341/341 372/372 456/456
f 497/497 522/522 557/557
f 293/293 426/426 345/345
f 422/422 369/369 290/290
f 372/372 370/370 520/520
f 556/556 369/369 341/341
f 373/373 371/371 457/457
f 404/404 287/287 286/286
f 423/423 425/425 370/370
f 427/427 305/305 304/304
f 377/377 375/375 343/343
f 304/304 303/303 428/428
f 376/376 428/428 429/429
f 463/463 430/430 462/462
f 377/377 361/361 414/414
f 427/427 375/375 305/305
f 378/378 376/376 523/523
f 375/375 377/377 379/379
f 379/379 377/377 414/414
f 458/458 345/345 426/426
f 495/495 393/393 432/432
f 382/382 381/381 328/328
f 396/396 381/381 319/319
f 382/382 328/328 431/431
f 383/383 382/382 315/315
f 384/384 383/383 315/315
f 319/319 381/381 383/383
f 392/392 393/393 389/389
f 384/384 318/318 388/388
f 564/564 434/434 577/577
f 478/478 468/468 472/472
f 478/478 475/475 482/482
f 524/524 320/320 527/527
f 636/636 693/693 692/692
f 527/527 573/573 524/524
f 390/390 388/388 318/318
f 391/391 686/686 685/685
f 432/432 392/392 315/315
f 437/437 500/500 436/436
f 435/435 318/318 394/394
f 686/686 390/390 687/687
f 319/319 388/388 391/391
f 388/388 390/390 391/391
f 392/392 432/432 393/393
f 500/500 498/498 499/499
f 458/458 380/380 431/431
f 434/434 385/385 498/498
f 394/394 318/318 502/502
f 640/640 636/636 387/387
f 296/296 395/395 297/297
f 395/395 346/346 396/396
f 381/381 396/396 346/346
f 391/391 397/397 319/319
f 682/682 397/397 683/683
f 319/319 397/397 396/396
f 439/439 398/398 302/302
f 428/428 398/398 347/347
f 399/399 349/349 709/709
f 706/706 399/399 707/707
f 400/400 317/317 533/533
f 330/330 350/350 400/400
f 351/351 330/330 533/533
f 487/487 316/316 529/529
f 353/353 402/402 285/285
f 404/404 402/402 352/352
f 597/597 407/407 322/322
f 334/334 507/507 512/512
f 440/440 519/519 555/555
f 452/452 374/374 424/424
f 358/358 405/405 283/283
f 353/353 405/405 354/354
f 407/407 406/406 322/322
f 331/331 354/354 406/406
f 322/322 408/408 597/597
f 603/603 440/440 407/407
f 356/356 409/409 408/408
f 597/597 409/409 334/334
f 46/46 441/441 356/356
f 597/597 334/334 596/596
f 411/411 410/410 48/48
f 441/441 410/410 359/359
f 415/415 411/411 49/49
f 442/442 362/362 508/508
f 412/412 309/309 443/443
f 368/368 412/412 360/360
f 444/444 413/413 361/361
f 412/412 413/413 360/360
f 414/414 307/307 379/379
f 413/413 414/414 361/361
f 416/416 415/415 50/50
f 411/411 415/415 362/362
f 419/419 449/449 364/364
f 448/448 336/336 508/508
f 324/324 517/517 516/516
f 417/417 516/516 545/545
f 340/340 448/448 419/419
f 364/364 417/417 418/418
f 51/51 449/449 416/416
f 52/52 449/449 51/51
f 366/366 420/420 339/339
f 311/311 368/368 420/420
f 360/360 446/446 447/447
f 543/543 421/421 447/447
f 423/423 422/422 289/289
f 372/372 422/422 370/370
f 424/424 423/423 288/288
f 425/425 423/423 453/453
f 288/288 287/287 424/424
f 404/404 452/452 287/287
f 454/454 425/425 453/453
f 520/520 624/624 456/456
f 292/292 426/426 293/293
f 521/521 458/458 426/426
f 428/428 427/427 304/304
f 378/378 427/427 376/376
f 398/398 428/428 303/303
f 459/459 329/329 429/429
f 316/316 477/477 476/476
f 461/461 343/343 378/378
f 538/538 327/327 471/471
f 361/361 445/445 444/444
f 458/458 431/431 345/345
f 382/382 431/431 380/380
f 382/382 432/432 315/315
f 495/495 432/432 380/380
f 522/522 497/497 433/433
f 496/496 577/577 434/434
f 496/496 393/393 495/495
f 497/497 577/577 496/496
f 318/318 435/435 390/390
f 690/690 435/435 394/394
f 389/389 437/437 392/392
f 500/500 437/437 389/389
f 502/502 437/437 436/436
f 384/384 437/437 318/318
f 439/439 438/438 347/347
f 438/438 401/401 532/532
f 302/302 301/301 439/439
f 351/351 506/506 301/301
f 407/407 440/440 331/331
f 440/440 403/403 519/519
f 410/410 441/441 47/47
f 507/507 441/441 359/359
f 540/540 511/511 442/442
f 359/359 411/411 510/510
f 414/414 443/443 308/308
f 412/412 443/443 413/413
f 377/377 464/464 361/361
f 446/446 444/444 335/335
f 582/582 542/542 430/430
f 335/335 444/444 445/445
f 446/446 335/335 447/447
f 413/413 446/446 360/360
f 542/542 581/581 445/445
f 543/543 447/447 544/544
f 419/419 448/448 416/416
f 518/518 547/547 583/583
f 364/364 449/449 52/52
f 416/416 449/449 419/419
f 451/451 450/450 368/368
f 450/450 421/421 517/517
f 447/447 451/451 360/360
f 450/450 451/451 421/421
f 452/452 404/404 598/598
f 424/424 287/287 452/452
f 424/424 453/453 423/423
f 454/454 453/453 374/374
f 455/455 454/454 374/374
f 624/624 454/454 342/342
f 598/598 455/455 374/374
f 519/519 599/599 455/455
f 425/425 454/454 624/624
f 456/456 628/628 557/557
f 373/373 457/457 292/292
f 371/371 426/426 457/457
f 521/521 426/426 371/371
f 495/495 458/458 433/433
f 428/428 347/347 459/459
f 459/459 347/347 438/438
f 472/472 468/468 469/469
f 465/465 327/327 463/463
f 461/461 467/467 466/466
f 461/461 465/465 463/463
f 463/463 462/462 343/343
f 464/464 430/430 445/445
f 461/461 463/463 343/343
f 463/463 327/327 582/582
f 361/361 464/464 445/445
f 377/377 462/462 464/464
f 461/461 466/466 465/465
f 465/465 466/466 473/473
f 461/461 523/523 467/467
f 469/469 474/474 472/472
f 637/637 429/429 329/329
f 460/460 466/466 467/467
f 479/479 491/491 468/468
f 471/471 473/473 469/469
f 472/472 474/474 470/470
f 469/469 468/468 471/471
f 485/485 488/488 477/477
f 534/534 475/475 470/470
f 468/468 478/478 479/479
f 491/491 471/471 468/468
f 474/474 469/469 460/460
f 470/470 475/475 478/478
f 469/469 473/473 466/466
f 327/327 473/473 471/471
f 476/476 474/474 460/460
f 477/477 474/474 476/476
f 488/488 470/470 477/477
f 562/562 535/535 566/566
f 637/637 460/460 467/467
f 484/484 476/476 638/638
f 485/485 487/487 524/524
f 470/470 474/474 477/477
f 470/470 478/478 472/472
f 475/475 565/565 482/482
f 613/613 611/611 610/610
f 492/492 491/491 479/479
f 532/532 329/329 438/438
f 530/530 317/317 531/531
f 573/573 527/527 525/525
f 534/534 470/470 488/488
f 314/314 479/479 482/482
f 478/478 482/482 479/479
f 455/455 599/599 342/342
f 491/491 538/538 471/471
f 476/476 637/637 638/638
f 529/529 484/484 480/480
f 485/485 316/316 487/487
f 485/485 481/481 488/488
f 565/565 567/567 641/641
f 490/490 492/492 494/494
f 316/316 484/484 529/529
f 531/531 487/487 529/529
f 536/536 537/537 535/535
f 570/570 535/535 537/537
f 314/314 565/565 641/641
f 489/489 486/486 492/492
f 492/492 620/620 494/494
f 494/494 514/514 574/574
f 492/492 479/479 489/489
f 491/491 490/490 538/538
f 617/617 618/618 620/620
f 491/491 492/492 490/490
f 323/323 550/550 548/548
f 447/447 335/335 541/541
f 620/620 492/492 486/486
f 618/618 621/621 493/493
f 458/458 495/495 380/380
f 496/496 495/495 433/433
f 497/497 496/496 433/433
f 496/496 434/434 501/501
f 521/521 522/522 433/433
f 326/326 576/576 497/497
f 498/498 385/385 499/499
f 501/501 498/498 389/389
f 560/560 385/385 563/563
f 570/570 386/386 591/591
f 498/498 500/500 389/389
f 436/436 500/500 499/499
f 496/496 501/501 393/393
f 498/498 501/501 434/434
f 437/437 502/502 318/318
f 503/503 502/502 436/436
f 504/504 503/503 436/436
f 503/503 387/387 636/636
f 591/591 436/436 499/499
f 505/505 504/504 386/386
f 526/526 525/525 639/639
f 387/387 503/503 505/505
f 401/401 506/506 351/351
f 439/439 301/301 506/506
f 512/512 510/510 511/511
f 409/409 507/507 334/334
f 448/448 508/508 362/362
f 336/336 442/442 508/508
f 547/547 548/548 553/553
f 610/610 599/599 601/601
f 411/411 442/442 510/510
f 510/510 442/442 511/511
f 540/540 442/442 336/336
f 578/578 605/605 511/511
f 510/510 512/512 359/359
f 512/512 511/511 607/607
f 445/445 430/430 542/542
f 623/623 622/622 585/585
f 623/623 494/494 493/493
f 513/513 541/541 581/581
f 518/518 583/583 545/545
f 515/515 516/516 517/517
f 518/518 516/516 515/515
f 545/545 418/418 417/417
f 450/450 517/517 324/324
f 517/517 421/421 543/543
f 515/515 546/546 518/518
f 547/547 336/336 448/448
f 599/599 519/519 403/403
f 455/455 598/598 555/555
f 624/624 520/520 425/425
f 372/372 520/520 456/456
f 521/521 371/371 522/522
f 433/433 458/458 521/521
f 371/371 556/556 522/522
f 557/557 522/522 341/341
f 467/467 523/523 429/429
f 378/378 523/523 461/461
f 698/698 630/630 699/699
f 485/485 524/524 481/481
f 697/697 639/639 630/630
f 387/387 505/505 526/526
f 505/505 386/386 526/526
f 386/386 537/537 572/572
f 528/528 527/527 320/320
f 526/526 572/572 573/573
f 586/586 531/531 558/558
f 699/699 528/528 700/700
f 530/530 529/529 480/480
f 529/529 530/530 531/531
f 480/480 532/532 530/530
f 533/533 401/401 351/351
f 317/317 400/400 558/558
f 320/320 487/487 531/531
f 480/480 638/638 532/532
f 533/533 532/532 401/401
f 317/317 530/530 533/533
f 533/533 530/530 532/532
f 536/536 534/534 488/488
f 536/536 562/562 534/534
f 570/570 537/537 386/386
f 385/385 560/560 499/499
f 571/571 488/488 481/481
f 566/566 560/560 563/563
f 571/571 536/536 488/488
f 386/386 572/572 526/526
f 490/490 574/574 538/538
f 513/513 542/542 575/575
f 569/569 486/486 489/489
f 562/562 565/565 475/475
f 554/554 553/553 550/550
f 605/605 578/578 509/509
f 584/584 513/513 551/551
f 543/543 544/544 515/515
f 430/430 463/463 582/582
f 538/538 574/574 575/575
f 544/544 447/447 541/541
f 517/517 543/543 515/515
f 584/584 544/544 541/541
f 546/546 544/544 323/323
f 418/418 545/545 340/340
f 516/516 518/518 545/545
f 544/544 546/546 515/515
f 546/546 323/323 548/548
f 548/548 518/518 546/546
f 548/548 547/547 518/518
f 550/550 323/323 551/551
f 579/579 578/578 540/540
f 621/621 618/618 619/619
f 634/634 601/601 600/600
f 323/323 584/584 551/551
f 550/550 549/549 554/554
f 585/585 551/551 513/513
f 550/550 551/551 622/622
f 621/621 619/619 549/549
f 553/553 580/580 336/336
f 550/550 553/553 548/548
f 553/553 552/552 580/580
f 549/549 619/619 593/593
f 553/553 554/554 552/552
f 440/440 555/555 352/352
f 455/455 555/555 519/519
f 373/373 556/556 371/371
f 341/341 522/522 556/556
f 456/456 557/557 341/341
f 497/497 557/557 326/326
f 706/706 559/559 350/350
f 704/704 594/594 559/559
f 705/705 704/704 559/559
f 594/594 704/704 703/703
f 564/564 561/561 563/563
f 570/570 560/560 535/535
f 567/567 565/565 561/561
f 535/535 562/562 536/536
f 565/565 562/562 561/561
f 534/534 562/562 475/475
f 564/564 563/563 385/385
f 566/566 561/561 562/562
f 434/434 564/564 385/385
f 564/564 539/539 588/588
f 567/567 561/561 588/588
f 565/565 314/314 482/482
f 560/560 566/566 535/535
f 561/561 566/566 563/563
f 616/616 642/642 589/589
f 314/314 641/641 569/569
f 567/567 539/539 590/590
f 613/613 625/625 611/611
f 314/314 569/569 489/489
f 568/568 615/615 614/614
f 591/591 386/386 504/504
f 560/560 570/570 499/499
f 571/571 481/481 573/573
f 536/536 571/571 537/537
f 571/571 572/572 537/537
f 481/481 524/524 573/573
f 526/526 573/573 525/525
f 573/573 572/572 571/571
f 494/494 574/574 490/490
f 575/575 574/574 514/514
f 575/575 514/514 585/585
f 575/575 542/542 582/582
f 326/326 627/627 590/590
f 539/539 564/564 577/577
f 497/497 576/576 577/577
f 577/577 576/576 539/539
f 511/511 540/540 578/578
f 336/336 580/580 540/540
f 554/554 593/593 552/552
f 578/578 579/579 595/595
f 552/552 579/579 580/580
f 540/540 580/580 579/579
f 541/541 335/335 581/581
f 445/445 581/581 335/335
f 327/327 538/538 582/582
f 575/575 582/582 538/538
f 448/448 340/340 583/583
f 583/583 340/340 545/545
f 544/544 584/584 323/323
f 513/513 584/584 541/541
f 575/575 585/585 513/513
f 494/494 623/623 514/514
f 531/531 586/586 320/320
f 558/558 559/559 594/594
f 528/528 586/586 587/587
f 594/594 586/586 558/558
f 564/564 588/588 561/561
f 539/539 567/567 588/588
f 576/576 590/590 539/539
f 628/628 456/456 629/629
f 326/326 590/590 576/576
f 590/590 589/589 642/642
f 436/436 591/591 504/504
f 499/499 570/570 591/591
f 578/578 595/595 509/509
f 579/579 552/552 593/593
f 549/549 593/593 554/554
f 593/593 592/592 595/595
f 702/702 594/594 703/703
f 586/586 594/594 587/587
f 593/593 595/595 579/579
f 609/609 595/595 592/592
f 607/607 511/511 605/605
f 602/602 605/605 608/608
f 409/409 597/597 408/408
f 597/597 596/596 604/604
f 452/452 598/598 374/374
f 555/555 598/598 404/404
f 403/403 601/601 599/599
f 609/609 634/634 608/608
f 601/601 403/403 603/603
f 509/509 609/609 608/608
f 601/601 603/603 602/602
f 600/600 608/608 634/634
f 604/604 602/602 603/603
f 602/602 604/604 606/606
f 440/440 603/603 403/403
f 604/604 603/603 407/407
f 597/597 604/604 407/407
f 606/606 604/604 596/596
f 606/606 607/607 605/605
f 608/608 605/605 509/509
f 607/607 606/606 596/596
f 605/605 602/602 606/606
f 596/596 334/334 607/607
f 607/607 334/334 512/512
f 509/509 595/595 609/609
f 602/602 608/608 600/600
f 592/592 631/631 609/609
f 599/599 611/611 342/342
f 610/610 634/634 635/635
f 486/486 569/569 614/614
f 599/599 610/610 611/611
f 635/635 613/613 610/610
f 612/612 633/633 615/615
f 326/326 628/628 627/627
f 631/631 632/632 635/635
f 613/613 612/612 625/625
f 633/633 613/613 632/632
f 617/617 614/614 632/632
f 568/568 616/616 615/615
f 615/615 616/616 626/626
f 568/568 641/641 642/642
f 589/589 626/626 616/616
f 618/618 617/617 483/483
f 486/486 614/614 617/617
f 618/618 483/483 619/619
f 620/620 618/618 493/493
f 631/631 619/619 483/483
f 593/593 619/619 592/592
f 494/494 620/620 493/493
f 486/486 617/617 620/620
f 622/622 621/621 549/549
f 623/623 585/585 514/514
f 550/550 622/622 549/549
f 585/585 622/622 551/551
f 493/493 621/621 623/623
f 623/623 621/621 622/622
f 342/342 611/611 625/625
f 626/626 625/625 612/612
f 615/615 626/626 612/612
f 342/342 625/625 624/624
f 627/627 626/626 589/589
f 625/625 626/626 629/629
f 590/590 627/627 589/589
f 326/326 557/557 628/628
f 629/629 456/456 624/624
f 626/626 627/627 628/628
f 625/625 629/629 624/624
f 626/626 628/628 629/629
f 697/697 630/630 698/698
f 525/525 528/528 630/630
f 619/619 631/631 592/592
f 631/631 483/483 632/632
f 617/617 632/632 483/483
f 633/633 632/632 614/614
f 615/615 633/633 614/614
f 613/613 633/633 612/612
f 635/635 634/634 609/609
f 601/601 634/634 610/610
f 631/631 635/635 609/609
f 613/613 635/635 632/632
f 691/691 636/636 692/692
f 503/503 636/636 394/394
f 637/637 329/329 638/638
f 460/460 637/637 476/476
f 532/532 638/638 329/329
f 484/484 638/638 480/480
f 695/695 639/639 696/696
f 526/526 639/639 387/387
f 693/693 640/640 694/694
f 387/387 639/639 640/640
f 642/642 641/641 567/567
f 569/569 641/641 568/568
f 642/642 567/567 590/590
f 568/568 642/642 616/616
f 802/802 678/678 712/712
f 761/761 714/714 723/723
f 732/732 789/789 710/710
f 714/714 735/735 792/792
f 740/740 680/680 793/793
f 683/683 735/735 682/682
f 712/712 678/678 715/715
f 715/715 678/678 679/679
f 739/739 675/675 676/676
f 744/744 662/662 663/663
f 684/684 685/685 752/752
f 680/680 681/681 793/793
f 700/700 701/701 769/769
f 714/714 761/761 735/735
f 683/683 684/684 792/792
f 802/802 712/712 803/803
f 708/708 709/709 784/784
f 735/735 683/683 792/792
f 690/690 691/691 742/742
f 660/660 661/661 764/764
f 755/755 666/666 667/667
f 692/692 746/746 745/745
f 707/707 708/708 782/782
f 748/748 794/794 747/747
f 751/751 749/749 795/795
f 703/703 734/734 791/791
f 699/699 700/700 768/768
f 687/687 753/753 686/686
f 688/688 689/689 757/757
f 756/756 688/688 757/757
f 762/762 694/694 763/763
f 720/720 751/751 795/795
f 737/737 670/670 671/671
f 704/704 705/705 788/788
f 752/752 750/750 719/719
f 693/693 694/694 762/762
f 804/804 803/803 677/677
f 668/668 751/751 720/720
f 733/733 732/732 713/713
f 677/677 803/803 712/712
f 677/677 712/712 717/717
f 715/715 740/740 716/716
f 696/696 697/697 775/775
f 716/716 739/739 717/717
f 755/755 756/756 721/721
f 739/739 741/741 675/675
f 723/723 714/714 738/738
f 741/741 674/674 675/675
f 673/673 674/674 760/760
f 736/736 792/792 737/737
f 736/736 672/672 738/738
f 796/796 654/654 769/769
f 692/692 693/693 759/759
f 672/672 736/736 671/671
f 749/749 669/669 670/670
f 720/720 754/754 668/668
f 670/670 737/737 719/719
f 695/695 696/696 774/774
f 749/749 670/670 719/719
f 798/798 706/706 780/780
f 710/710 711/711 732/732
f 666/666 721/721 748/748
f 643/643 733/733 713/713
f 665/665 748/748 747/747
f 663/663 664/664 743/743
f 671/671 736/736 737/737
f 667/667 668/668 754/754
f 745/745 742/742 691/691
f 664/664 747/747 743/743
f 760/760 741/741 723/723
f 662/662 722/722 758/758
f 716/716 740/740 793/793
f 661/661 662/662 758/758
f 795/795 685/685 686/686
f 765/765 655/655 656/656
f 787/787 800/800 704/704
f 702/702 771/771 701/701
f 695/695 763/763 694/694
f 706/706 707/707 781/781
f 769/769 725/725 768/768
f 659/659 660/660 773/773
f 723/723 741/741 793/793
f 658/658 776/776 797/797
f 673/673 738/738 672/672
f 737/737 792/792 719/719
f 765/765 767/767 725/725
f 677/677 717/717 676/676
f 727/727 774/774 775/775
f 726/726 771/771 791/791
f 716/716 717/717 715/715
f 778/778 648/648 649/649
f 750/750 749/749 719/719
f 799/799 647/647 782/782
f 794/794 721/721 757/757
f 743/743 747/747 718/718
f 789/789 732/732 733/733
f 690/690 794/794 689/689
f 729/729 781/781 782/782
f 786/786 650/650 651/651
f 665/665 747/747 664/664
f 841/841 713/713 711/711
f 781/781 780/780 706/706
f 744/744 746/746 722/722
f 841/841 711/711 842/842
f 711/711 713/713 732/732
f 704/704 788/788 787/787
f 665/665 666/666 748/748
f 718/718 747/747 794/794
f 741/741 739/739 716/716
f 730/730 784/784 789/789
f 738/738 673/673 760/760
f 724/724 763/763 773/773
f 697/697 698/698 777/777
f 775/775 797/797 776/776
f 725/725 770/770 765/765
f 644/644 645/645 801/801
f 658/658 659/659 776/776
f 718/718 742/742 745/745
f 790/790 772/772 734/734
f 655/655 770/770 654/654
f 761/761 681/681 682/682
f 653/653 772/772 652/652
f 651/651 652/652 790/790
f 751/751 668/668 669/669
f 770/770 769/769 654/654
f 699/699 768/768 767/767
f 728/728 766/766 657/657
f 736/736 738/738 714/714
f 712/712 715/715 717/717
f 779/779 650/650 731/731
f 647/647 648/648 783/783
f 778/778 729/729 783/783
f 782/782 647/647 783/783
f 679/679 740/740 715/715
f 786/786 731/731 650/650
f 679/679 680/680 740/740
f 663/663 743/743 744/744
f 785/785 645/645 646/646
f 718/718 745/745 743/743
f 733/733 643/643 644/644
f 643/643 713/713 840/840
f 692/692 745/745 691/691
f 801/801 785/785 789/789
f 744/744 743/743 745/745
f 717/717 739/739 676/676
f 745/745 746/746 744/744
f 840/840 713/713 841/841
f 662/662 744/744 722/722
f 759/759 746/746 692/692
f 727/727 776/776 773/773
f 749/749 750/750 795/795
f 794/794 742/742 718/718
f 669/669 749/749 751/751
f 750/750 752/752 685/685
f 792/792 752/752 719/719
f 756/756 753/753 687/687
f 795/795 753/753 720/720
f 720/720 753/753 756/756
f 666/666 755/755 721/721
f 667/667 754/754 755/755
f 755/755 754/754 756/756
f 720/720 756/756 754/754
f 687/687 688/688 756/756
f 757/757 689/689 794/794
f 756/756 757/757 721/721
f 722/722 759/759 762/762
f 764/764 758/758 724/724
f 762/762 759/759 693/693
f 746/746 759/759 722/722
f 741/741 760/760 674/674
f 738/738 760/760 723/723
f 735/735 761/761 682/682
f 793/793 761/761 723/723
f 724/724 758/758 762/762
f 722/722 762/762 758/758
f 763/763 695/695 774/774
f 762/762 763/763 724/724
f 758/758 764/764 661/661
f 773/773 764/764 724/724
f 656/656 766/766 765/765
f 699/699 767/767 698/698
f 657/657 766/766 656/656
f 728/728 777/777 767/767
f 765/765 766/766 767/767
f 767/767 766/766 728/728
f 769/769 768/768 700/700
f 767/767 768/768 725/725
f 771/771 769/769 701/701
f 769/769 726/726 796/796
f 765/765 770/770 655/655
f 769/769 770/770 725/725
f 791/791 771/771 702/702
f 769/769 771/771 726/726
f 796/796 772/772 653/653
f 772/772 726/726 791/791
f 773/773 660/660 764/764
f 763/763 727/727 773/773
f 775/775 774/774 696/696
f 763/763 774/774 727/727
f 777/777 775/775 697/697
f 775/775 728/728 797/797
f 773/773 776/776 659/659
f 775/775 776/776 727/727
f 767/767 777/777 698/698
f 775/775 777/777 728/728
f 649/649 779/779 778/778
f 780/780 778/778 798/798
f 650/650 779/779 649/649
f 731/731 788/788 798/798
f 729/729 778/778 780/780
f 778/778 779/779 798/798
f 782/782 781/781 707/707
f 780/780 781/781 729/729
f 784/784 782/782 708/708
f 782/782 730/730 799/799
f 778/778 783/783 648/648
f 782/782 783/783 729/729
f 789/789 784/784 709/709
f 782/782 784/784 730/730
f 799/799 785/785 646/646
f 789/789 785/785 730/730
f 790/790 786/786 651/651
f 734/734 703/703 800/800
f 731/731 786/786 787/787
f 786/786 734/734 800/800
f 798/798 788/788 705/705
f 787/787 788/788 731/731
f 710/710 789/789 709/709
f 733/733 644/644 801/801
f 772/772 790/790 652/652
f 786/786 790/790 734/734
f 703/703 791/791 702/702
f 772/772 791/791 734/734
f 684/684 752/752 792/792
f 792/792 736/736 714/714
f 793/793 681/681 761/761
f 793/793 741/741 716/716
f 794/794 690/690 742/742
f 794/794 748/748 721/721
f 685/685 795/795 750/750
f 795/795 686/686 753/753
f 772/772 796/796 726/726
f 654/654 796/796 653/653
f 728/728 657/657 797/797
f 658/658 797/797 657/657
f 731/731 798/798 779/779
f 706/706 798/798 705/705
f 785/785 799/799 730/730
f 647/647 799/799 646/646
f 704/704 800/800 703/703
f 786/786 800/800 787/787
f 785/785 801/801 645/645
f 733/733 801/801 789/789
f 958/958 881/881 905/905
f 915/915 828/828 929/929
f 847/847 901/901 846/846
f 861/861 862/862 940/940
f 869/869 870/870 948/948
f 957/957 847/847 848/848
f 843/843 844/844 880/880
f 843/843 877/877 842/842
f 843/843 880/880 877/877
f 872/872 873/873 956/956
f 820/820 941/941 963/963
f 846/846 905/905 845/845
f 833/833 903/903 883/883
f 846/846 901/901 905/905
f 909/909 959/959 908/908
f 842/842 877/877 841/841
f 854/854 855/855 911/911
f 913/913 914/914 885/885
f 856/856 857/857 916/916
f 870/870 871/871 949/949
f 864/864 865/865 934/934
f 858/858 960/960 919/919
f 851/851 852/852 922/922
f 856/856 916/916 914/914
f 959/959 850/850 928/928
f 828/828 915/915 827/827
f 920/920 961/961 889/889
f 839/839 882/882 838/838
f 836/836 904/904 835/835
f 852/852 853/853 961/961
f 877/877 880/880 882/882
f 886/886 888/888 928/928
f 915/915 930/930 884/884
f 920/920 829/829 830/830
f 902/902 957/957 903/903
f 924/924 860/860 892/892
f 840/840 841/841 839/839
f 919/919 916/916 857/857
f 966/966 811/811 949/949
f 839/839 841/841 877/877
f 839/839 877/877 882/882
f 834/834 902/902 903/903
f 904/904 836/836 958/958
f 882/882 881/881 907/907
f 958/958 907/907 881/881
f 904/904 902/902 835/835
f 947/947 965/965 869/869
f 953/953 938/938 899/899
f 836/836 837/837 958/958
f 927/927 908/908 888/888
f 902/902 834/834 835/835
f 909/909 908/908 883/883
f 865/865 866/866 935/935
f 908/908 833/833 883/883
f 808/808 809/809 955/955
f 832/832 927/927 831/831
f 886/886 921/921 888/888
f 945/945 807/807 808/808
f 830/830 921/921 920/920
f 895/895 894/894 943/943
f 905/905 879/879 904/904
f 829/829 929/929 828/828
f 895/895 878/878 896/896
f 915/915 912/912 827/827
f 917/917 825/825 885/885
f 955/955 952/952 900/900
f 889/889 930/930 915/915
f 959/959 849/849 850/850
f 826/826 827/827 912/912
f 902/902 904/904 879/879
f 825/825 917/917 824/824
f 910/910 909/909 883/883
f 823/823 887/887 923/923
f 912/912 915/915 884/884
f 931/931 817/817 818/818
f 879/879 901/901 957/957
f 867/867 937/937 866/866
f 928/928 850/850 851/851
f 896/896 806/806 944/944
f 935/935 890/890 934/934
f 924/924 821/821 822/822
f 919/919 960/960 918/918
f 863/863 942/942 862/862
f 881/881 882/882 880/880
f 930/930 853/853 854/854
f 933/933 890/890 931/931
f 918/918 823/823 824/824
f 892/892 939/939 940/940
f 954/954 891/891 937/937
f 864/864 934/934 933/933
f 908/908 832/832 833/833
f 831/831 921/921 830/830
f 875/875 943/943 874/874
f 913/913 912/912 914/914
f 826/826 912/912 913/913
f 878/878 895/895 876/876
f 884/884 914/914 912/912
f 803/803 878/878 876/876
f 946/946 812/812 813/813
f 848/848 849/849 910/910
f 871/871 872/872 951/951
f 838/838 907/907 837/837
f 943/943 945/945 874/874
f 948/948 949/949 897/897
f 898/898 951/951 956/956
f 869/869 948/948 947/947
f 876/876 802/802 803/803
f 860/860 861/861 939/939
f 882/882 907/907 838/838
f 894/894 895/895 896/896
f 901/901 847/847 957/957
f 822/822 823/823 923/923
f 868/868 899/899 954/954
f 940/940 963/963 941/941
f 890/890 936/936 931/931
f 875/875 876/876 895/895
f 820/820 821/821 941/941
f 906/906 905/905 881/881
f 905/905 901/901 879/879
f 817/817 936/936 816/816
f 962/962 816/816 935/935
f 815/815 938/938 814/814
f 813/813 814/814 953/953
f 858/858 859/859 926/926
f 936/936 935/935 816/816
f 805/805 896/896 878/878
f 893/893 932/932 819/819
f 905/905 906/906 845/845
f 903/903 833/833 834/834
f 950/950 811/811 812/812
f 809/809 810/810 952/952
f 811/811 950/950 949/949
f 874/874 945/945 964/964
f 880/880 844/844 906/906
f 897/897 950/950 946/946
f 845/845 906/906 844/844
f 903/903 957/957 883/883
f 944/944 945/945 894/894
f 930/930 911/911 884/884
f 806/806 807/807 944/944
f 805/805 806/806 896/896
f 884/884 911/911 914/914
f 804/804 805/805 878/878
f 914/914 911/911 855/855
f 880/880 906/906 881/881
f 913/913 825/825 826/826
f 804/804 878/878 803/803
f 957/957 910/910 883/883
f 825/825 913/913 885/885
f 860/860 924/924 925/925
f 856/856 914/914 855/855
f 909/909 910/910 849/849
f 914/914 916/916 885/885
f 885/885 916/916 919/919
f 823/823 918/918 887/887
f 824/824 917/917 918/918
f 918/918 917/917 919/919
f 885/885 919/919 917/917
f 858/858 919/919 857/857
f 886/886 922/922 961/961
f 929/929 920/920 889/889
f 921/921 831/831 927/927
f 920/920 921/921 886/886
f 961/961 922/922 852/852
f 928/928 922/922 886/886
f 887/887 926/926 925/925
f 821/821 924/924 892/892
f 822/822 923/923 924/924
f 924/924 923/923 925/925
f 887/887 925/925 923/923
f 860/860 925/925 859/859
f 925/925 926/926 859/859
f 960/960 926/926 887/887
f 908/908 927/927 832/832
f 921/921 927/927 888/888
f 928/928 851/851 922/922
f 959/959 928/928 888/888
f 920/920 929/929 829/829
f 915/915 929/929 889/889
f 930/930 854/854 911/911
f 961/961 930/930 889/889
f 818/818 932/932 931/931
f 864/864 933/933 863/863
f 819/819 932/932 818/818
f 893/893 942/942 933/933
f 931/931 932/932 933/933
f 933/933 932/932 893/893
f 935/935 934/934 865/865
f 933/933 934/934 890/890
f 937/937 935/935 866/866
f 935/935 891/891 962/962
f 931/931 936/936 817/817
f 935/935 936/936 890/890
f 954/954 937/937 867/867
f 935/935 937/937 891/891
f 962/962 938/938 815/815
f 938/938 891/891 954/954
f 940/940 939/939 861/861
f 892/892 860/860 939/939
f 942/942 940/940 862/862
f 940/940 893/893 963/963
f 821/821 892/892 941/941
f 940/940 941/941 892/892
f 933/933 942/942 863/863
f 940/940 942/942 893/893
f 895/895 943/943 875/875
f 945/945 943/943 894/894
f 945/945 944/944 807/807
f 896/896 944/944 894/894
f 955/955 945/945 808/808
f 945/945 900/900 964/964
f 953/953 946/946 813/813
f 899/899 868/868 965/965
f 897/897 946/946 947/947
f 946/946 899/899 965/965
f 949/949 948/948 870/870
f 947/947 948/948 897/897
f 951/951 949/949 871/871
f 949/949 898/898 966/966
f 946/946 950/950 812/812
f 949/949 950/950 897/897
f 951/951 872/872 956/956
f 949/949 951/951 898/898
f 966/966 952/952 810/810
f 900/900 952/952 898/898
f 938/938 953/953 814/814
f 946/946 953/953 899/899
f 868/868 954/954 867/867
f 938/938 954/954 899/899
f 952/952 955/955 809/809
f 945/945 955/955 900/900
f 964/964 956/956 873/873
f 956/956 900/900 898/898
f 848/848 910/910 957/957
f 957/957 902/902 879/879
f 907/907 958/958 837/837
f 904/904 958/958 905/905
f 908/908 959/959 888/888
f 849/849 959/959 909/909
f 926/926 960/960 858/858
f 918/918 960/960 887/887
f 961/961 853/853 930/930
f 886/886 961/961 920/920
f 938/938 962/962 891/891
f 816/816 962/962 815/815
f 893/893 819/819 963/963
f 820/820 963/963 819/819
f 956/956 964/964 900/900
f 874/874 964/964 873/873
f 869/869 965/965 868/868
f 946/946 965/965 947/947
f 952/952 966/966 898/898
f 811/811 966/966 810/810
f 982/982 1016/1016 981/981
f 1016/1016 982/982 983/983
f 1067/1067 1050/1050 1081/1081
f 1035/1035 1034/1034 1083/1083
f 984/984 985/985 1057/1057
f 981/981 1017/1017 980/980
f 1092/1092 1071/1071 1058/1058
f 1019/1019 979/979 980/980
f 979/979 1020/1020 978/978
f 1016/1016 983/983 984/984
f 846/846 1081/1081 847/847
f 1117/1117 1119/1119 1020/1020
f 1047/1047 1046/1046 1061/1061
f 977/977 978/978 1020/1020
f 976/976 977/977 1021/1021
f 1028/1028 1106/1106 1131/1131
f 1143/1143 1144/1144 1146/1146
f 1023/1023 974/974 975/975
f 998/998 1047/1047 1060/1060
f 973/973 1026/1026 972/972
f 973/973 974/974 1025/1025
f 1144/1144 866/866 865/865
f 1022/1022 975/975 976/976
f 1072/1072 1071/1071 1092/1092
f 1016/1016 1017/1017 981/981
f 1211/1211 1277/1277 1210/1210
f 1093/1093 1057/1057 1072/1072
f 1016/1016 984/984 1057/1057
f 1179/1179 1180/1180 1177/1177
f 986/986 987/987 1090/1090
f 985/985 1072/1072 1057/1057
f 1025/1025 1100/1100 1129/1129
f 1157/1157 1091/1091 1221/1221
f 1351/1351 1068/1068 1082/1082
f 1044/1044 1099/1099 1045/1045
f 1090/1090 1091/1091 1071/1071
f 1091/1091 987/987 988/988
f 1157/1157 1221/1221 1259/1259
f 1019/1019 1020/1020 979/979
f 1087/1087 1088/1088 1070/1070
f 1021/1021 1022/1022 976/976
f 1087/1087 1018/1018 1115/1115
f 1297/1297 1298/1298 1280/1280
f 980/980 1018/1018 1019/1019
f 1023/1023 975/975 1022/1022
f 1216/1216 1089/1089 1070/1070
f 1025/1025 974/974 1024/1024
f 1275/1275 1368/1368 1273/1273
f 1117/1117 1020/1020 1019/1019
f 1024/1024 974/974 1023/1023
f 1134/1134 1050/1050 1108/1108
f 1021/1021 977/977 1020/1020
f 973/973 1025/1025 1026/1026
f 1018/1018 980/980 1017/1017
f 1258/1258 1156/1156 1220/1220
f 1246/1246 1248/1248 1277/1277
f 970/970 1028/1028 969/969
f 1027/1027 970/970 971/971
f 1052/1052 1206/1206 1136/1136
f 1062/1062 1061/1061 1059/1059
f 1028/1028 970/970 1027/1027
f 1028/1028 1027/1027 1106/1106
f 1029/1029 969/969 1028/1028
f 1030/1030 1029/1029 1067/1067
f 1107/1107 1027/1027 1026/1026
f 1027/1027 971/971 1026/1026
f 971/971 972/972 1026/1026
f 969/969 1029/1029 968/968
f 843/843 842/842 967/967
f 1144/1144 1214/1214 866/866
f 1240/1240 1199/1199 1079/1079
f 1031/1031 967/967 968/968
f 1031/1031 1110/1110 844/844
f 1031/1031 843/843 967/967
f 1093/1093 1016/1016 1057/1057
f 844/844 843/843 1031/1031
f 1067/1067 1081/1081 1110/1110
f 1031/1031 968/968 1030/1030
f 968/968 1029/1029 1030/1030
f 1054/1054 1111/1111 1069/1069
f 1024/1024 1100/1100 1025/1025
f 1033/1033 1069/1069 1034/1034
f 1049/1049 1367/1367 1366/1366
f 849/849 1208/1208 850/850
f 852/852 1242/1242 853/853
f 1072/1072 986/986 1090/1090
f 1107/1107 1080/1080 1106/1106
f 856/856 855/855 1368/1368
f 1056/1056 1353/1353 1354/1354
f 854/854 853/853 1207/1207
f 1349/1349 1236/1236 1350/1350
f 854/854 1368/1368 855/855
f 1242/1242 1207/1207 853/853
f 996/996 997/997 1062/1062
f 1060/1060 1047/1047 1061/1061
f 1067/1067 1110/1110 1030/1030
f 1125/1125 1102/1102 1124/1124
f 846/846 845/845 1110/1110
f 845/845 844/844 1110/1110
f 1343/1343 1347/1347 1341/1341
f 985/985 986/986 1072/1072
f 848/848 1135/1135 849/849
f 1022/1022 1101/1101 1023/1023
f 1032/1032 1086/1086 1033/1033
f 1208/1208 849/849 1109/1109
f 1081/1081 1135/1135 847/847
f 1135/1135 1109/1109 849/849
f 1121/1121 989/989 990/990
f 1082/1082 1085/1085 1036/1036
f 1228/1228 1163/1163 1123/1123
f 1354/1354 1356/1356 1290/1290
f 1082/1082 1083/1083 1351/1351
f 1120/1120 1071/1071 1091/1091
f 1068/1068 1084/1084 1085/1085
f 1100/1100 1024/1024 1162/1162
f 1108/1108 1131/1131 1106/1106
f 1059/1059 1061/1061 1097/1097
f 994/994 995/995 1095/1095
f 1203/1203 1204/1204 1205/1205
f 1209/1209 1081/1081 1050/1050
f 1060/1060 1061/1061 1062/1062
f 1060/1060 1062/1062 997/997
f 1066/1066 1130/1130 1205/1205
f 1096/1096 995/995 996/996
f 1020/1020 1119/1119 1021/1021
f 1095/1095 995/995 1096/1096
f 1047/1047 1000/1000 1046/1046
f 1000/1000 1047/1047 998/998
f 1062/1062 1074/1074 1096/1096
f 998/998 1060/1060 997/997
f 1075/1075 1098/1098 1099/1099
f 1043/1043 1044/1044 1003/1003
f 1041/1041 1103/1103 1202/1202
f 1042/1042 1043/1043 1004/1004
f 1002/1002 1044/1044 1045/1045
f 1105/1105 1128/1128 1241/1241
f 1045/1045 1046/1046 1001/1001
f 1046/1046 1097/1097 1061/1061
f 1067/1067 1108/1108 1050/1050
f 1040/1040 1103/1103 1041/1041
f 1001/1001 1046/1046 1000/1000
f 1212/1212 1210/1210 1132/1132
f 1226/1226 1075/1075 1099/1099
f 1002/1002 1045/1045 1001/1001
f 1003/1003 1044/1044 1002/1002
f 1264/1264 1187/1187 1231/1231
f 1005/1005 1041/1041 1042/1042
f 1043/1043 1128/1128 1264/1264
f 1093/1093 1017/1017 1016/1016
f 1003/1003 1004/1004 1043/1043
f 1116/1116 1088/1088 1092/1092
f 1004/1004 1005/1005 1042/1042
f 1113/1113 1037/1037 1084/1084
f 1040/1040 1041/1041 1007/1007
f 857/857 856/856 1356/1356
f 1038/1038 1039/1039 1008/1008
f 1040/1040 1007/1007 1039/1039
f 1201/1201 1113/1113 1153/1153
f 1006/1006 1007/1007 1041/1041
f 1089/1089 1117/1117 1087/1087
f 1008/1008 1009/1009 1038/1038
f 1194/1194 1190/1190 1195/1195
f 1222/1222 1223/1223 1158/1158
f 1007/1007 1008/1008 1039/1039
f 1041/1041 1005/1005 1006/1006
f 1038/1038 1009/1009 1037/1037
f 1352/1352 1127/1127 1239/1239
f 1000/1000 998/998 999/999
f 1254/1254 1218/1218 1255/1255
f 1036/1036 1085/1085 1037/1037
f 868/868 1214/1214 1249/1249
f 1140/1140 870/870 1249/1249
f 1055/1055 1139/1139 1140/1140
f 1045/1045 1098/1098 1046/1046
f 871/871 1213/1213 872/872
f 1140/1140 871/871 870/870
f 1019/1019 1018/1018 1087/1087
f 1033/1033 1086/1086 1069/1069
f 1300/1300 1280/1280 1299/1299
f 1112/1112 1141/1141 1051/1051
f 867/867 1214/1214 868/868
f 1095/1095 1164/1164 994/994
f 862/862 1353/1353 1147/1147
f 859/859 1354/1354 860/860
f 1143/1143 1141/1141 1055/1055
f 1274/1274 1366/1366 1367/1367
f 1051/1051 1141/1141 1148/1148
f 860/860 1354/1354 1353/1353
f 1123/1123 1260/1260 1161/1161
f 1112/1112 1139/1139 1141/1141
f 1208/1208 851/851 850/850
f 1146/1146 1142/1142 1143/1143
f 1351/1351 1111/1111 1112/1112
f 1147/1147 1146/1146 1144/1144
f 1126/1126 990/990 991/991
f 1074/1074 1062/1062 1059/1059
f 1259/1259 1094/1094 1284/1284
f 1147/1147 1355/1355 1146/1146
f 1082/1082 1035/1035 1083/1083
f 1036/1036 1037/1037 1010/1010
f 1035/1035 1036/1036 1011/1011
f 1213/1213 871/871 1140/1140
f 1011/1011 1012/1012 1035/1035
f 1078/1078 1102/1102 1165/1165
f 1013/1013 1035/1035 1012/1012
f 873/873 872/872 1213/1213
f 1115/1115 1018/1018 1017/1017
f 1036/1036 1010/1010 1011/1011
f 1037/1037 1009/1009 1010/1010
f 1035/1035 1013/1013 1034/1034
f 875/875 1086/1086 1032/1032
f 1086/1086 875/875 874/874
f 1155/1155 1254/1254 1154/1154
f 876/876 875/875 1032/1032
f 1032/1032 802/802 876/876
f 1069/1069 1086/1086 1213/1213
f 1033/1033 1014/1014 1015/1015
f 1014/1014 1033/1033 1034/1034
f 1068/1068 1085/1085 1082/1082
f 802/802 1032/1032 1015/1015
f 1037/1037 1085/1085 1084/1084
f 1015/1015 1032/1032 1033/1033
f 1034/1034 1013/1013 1014/1014
f 1037/1037 1113/1113 1038/1038
f 874/874 873/873 1086/1086
f 1083/1083 1034/1034 1069/1069
f 1082/1082 1036/1036 1035/1035
f 1175/1175 1078/1078 1173/1173
f 1087/1087 1070/1070 1089/1089
f 1124/1124 991/991 992/992
f 1091/1091 1090/1090 987/987
f 1151/1151 1068/1068 1351/1351
f 1072/1072 1090/1090 1071/1071
f 988/988 989/989 1221/1221
f 1071/1071 1120/1120 1058/1058
f 1116/1116 1092/1092 1058/1058
f 1093/1093 1092/1092 1088/1088
f 1092/1092 1093/1093 1072/1072
f 1115/1115 1093/1093 1088/1088
f 991/991 1124/1124 1126/1126
f 1272/1272 1126/1126 1198/1198
f 1225/1225 1224/1224 1159/1159
f 1102/1102 1125/1125 1165/1165
f 1062/1062 1096/1096 996/996
f 1095/1095 1096/1096 1074/1074
f 1098/1098 1097/1097 1046/1046
f 1097/1097 1075/1075 1224/1224
f 1099/1099 1098/1098 1045/1045
f 1097/1097 1098/1098 1075/1075
f 1043/1043 1042/1042 1128/1128
f 1074/1074 1222/1222 1095/1095
f 1023/1023 1101/1101 1228/1228
f 1107/1107 1129/1129 1205/1205
f 1021/1021 1119/1119 1258/1258
f 1160/1160 1123/1123 1163/1163
f 1125/1125 992/992 993/993
f 1198/1198 1126/1126 1102/1102
f 1200/1200 1040/1040 1039/1039
f 1128/1128 1202/1202 1241/1241
f 1114/1114 1283/1283 1153/1153
f 1359/1359 1199/1199 1127/1127
f 1065/1065 1361/1361 1358/1358
f 1182/1182 1166/1166 1176/1176
f 1107/1107 1106/1106 1027/1027
f 1108/1108 1106/1106 1080/1080
f 1129/1129 1107/1107 1026/1026
f 1130/1130 1107/1107 1205/1205
f 1131/1131 1067/1067 1029/1029
f 1080/1080 1133/1133 1134/1134
f 1206/1206 1209/1209 1136/1136
f 1206/1206 1109/1109 1209/1209
f 1030/1030 1110/1110 1031/1031
f 846/846 1110/1110 1081/1081
f 1111/1111 1054/1054 1112/1112
f 1083/1083 1069/1069 1111/1111
f 1139/1139 1112/1112 1054/1054
f 1112/1112 1051/1051 1151/1151
f 1114/1114 1113/1113 1084/1084
f 1114/1114 1153/1153 1113/1113
f 1215/1215 1068/1068 1152/1152
f 1114/1114 1084/1084 1215/1215
f 1093/1093 1115/1115 1017/1017
f 1087/1087 1115/1115 1088/1088
f 1155/1155 1154/1154 1216/1216
f 1070/1070 1088/1088 1116/1116
f 1087/1087 1117/1117 1019/1019
f 1119/1119 1117/1117 1089/1089
f 1301/1301 1302/1302 1282/1282
f 1163/1163 1219/1219 1077/1077
f 1217/1217 1250/1250 1216/1216
f 1101/1101 1022/1022 1220/1220
f 1091/1091 1157/1157 1120/1120
f 1287/1287 1073/1073 1271/1271
f 1126/1126 1121/1121 990/990
f 1221/1221 1121/1121 1094/1094
f 1181/1181 1176/1176 1179/1179
f 1165/1165 1167/1167 1078/1078
f 1161/1161 1076/1076 1203/1203
f 1219/1219 1163/1163 1101/1101
f 1125/1125 1124/1124 992/992
f 1126/1126 1124/1124 1102/1102
f 993/993 1164/1164 1125/1125
f 1171/1171 1172/1172 1166/1166
f 1198/1198 1102/1102 1078/1078
f 1121/1121 1126/1126 1094/1094
f 1103/1103 1200/1200 1199/1199
f 1113/1113 1201/1201 1038/1038
f 1202/1202 1128/1128 1042/1042
f 1184/1184 1187/1187 1105/1105
f 1025/1025 1129/1129 1026/1026
f 1203/1203 1100/1100 1161/1161
f 1066/1066 1244/1244 1212/1212
f 1080/1080 1107/1107 1130/1130
f 1028/1028 1131/1131 1029/1029
f 1108/1108 1067/1067 1131/1131
f 1133/1133 1080/1080 1130/1130
f 1052/1052 1136/1136 1138/1138
f 1066/1066 1133/1133 1130/1130
f 1134/1134 1133/1133 1132/1132
f 1134/1134 1132/1132 1137/1137
f 1080/1080 1134/1134 1108/1108
f 847/847 1135/1135 848/848
f 1081/1081 1109/1109 1135/1135
f 1137/1137 1050/1050 1134/1134
f 1136/1136 1137/1137 1138/1138
f 1137/1137 1132/1132 1138/1138
f 1137/1137 1136/1136 1209/1209
f 1132/1132 1210/1210 1138/1138
f 1273/1273 1274/1274 1243/1243
f 1140/1140 1139/1139 1054/1054
f 1139/1139 1055/1055 1141/1141
f 1054/1054 1213/1213 1140/1140
f 1249/1249 870/870 869/869
f 1144/1144 1143/1143 1055/1055
f 1143/1143 1142/1142 1149/1149
f 1376/1376 1150/1150 1142/1142
f 1150/1150 1149/1149 1142/1142
f 1214/1214 1144/1144 1055/1055
f 1149/1149 1148/1148 1143/1143
f 865/865 864/864 1144/1144
f 864/864 863/863 1147/1147
f 1340/1340 1309/1309 1337/1337
f 1334/1334 1335/1335 1332/1332
f 1147/1147 1144/1144 864/864
f 1147/1147 863/863 862/862
f 1353/1353 862/862 861/861
f 1353/1353 1355/1355 1147/1147
f 1143/1143 1148/1148 1141/1141
f 1345/1345 1148/1148 1145/1145
f 1357/1357 1376/1376 1355/1355
f 1145/1145 1148/1148 1149/1149
f 1326/1326 1289/1289 1296/1296
f 1145/1145 1149/1149 1150/1150
f 1344/1344 1343/1343 1152/1152
f 1151/1151 1375/1375 1068/1068
f 1375/1375 1051/1051 1344/1344
f 1371/1371 1370/1370 1324/1324
f 1239/1239 1104/1104 1352/1352
f 1127/1127 1200/1200 1201/1201
f 1070/1070 1116/1116 1155/1155
f 1253/1253 1252/1252 1217/1217
f 1116/1116 1058/1058 1155/1155
f 1218/1218 1254/1254 1257/1257
f 1250/1250 1119/1119 1089/1089
f 1154/1154 1279/1279 1217/1217
f 988/988 1221/1221 1091/1091
f 1362/1362 1157/1157 1073/1073
f 1223/1223 1074/1074 1059/1059
f 1168/1168 1167/1167 1165/1165
f 1159/1159 1183/1183 1180/1180
f 1225/1225 1122/1122 1158/1158
f 1299/1299 1253/1253 1251/1251
f 1160/1160 1063/1063 1227/1227
f 1162/1162 1161/1161 1100/1100
f 1260/1260 1123/1123 1160/1160
f 1023/1023 1162/1162 1024/1024
f 1161/1161 1162/1162 1123/1123
f 1160/1160 1163/1163 1077/1077
f 1228/1228 1123/1123 1162/1162
f 994/994 1164/1164 993/993
f 1164/1164 1229/1229 1168/1168
f 1168/1168 1170/1170 1164/1164
f 1166/1166 1167/1167 1171/1171
f 1166/1166 1172/1172 1176/1176
f 1166/1166 1169/1169 1173/1173
f 1165/1165 1125/1125 1170/1170
f 1186/1186 1166/1166 1182/1182
f 1229/1229 1164/1164 1095/1095
f 1158/1158 1122/1122 1172/1172
f 1230/1230 1262/1262 1064/1064
f 1078/1078 1167/1167 1173/1173
f 1164/1164 1170/1170 1125/1125
f 1168/1168 1165/1165 1170/1170
f 1167/1167 1168/1168 1171/1171
f 1172/1172 1171/1171 1168/1168
f 1172/1172 1168/1168 1229/1229
f 1172/1172 1122/1122 1176/1176
f 1166/1166 1173/1173 1167/1167
f 1230/1230 1175/1175 1262/1262
f 1174/1174 1230/1230 1281/1281
f 1218/1218 1287/1287 1285/1285
f 1262/1262 1173/1173 1169/1169
f 1238/1238 1272/1272 1269/1269
f 1180/1180 1179/1179 1122/1122
f 1176/1176 1122/1122 1179/1179
f 1185/1185 1265/1265 1361/1361
f 1166/1166 1186/1186 1169/1169
f 1188/1188 1190/1190 1181/1181
f 1178/1178 1190/1190 1194/1194
f 1180/1180 1122/1122 1159/1159
f 1181/1181 1179/1179 1177/1177
f 1159/1159 1226/1226 1183/1183
f 1177/1177 1180/1180 1184/1184
f 1188/1188 1181/1181 1177/1177
f 1181/1181 1178/1178 1182/1182
f 1181/1181 1182/1182 1176/1176
f 1182/1182 1178/1178 1186/1186
f 1044/1044 1231/1231 1099/1099
f 1184/1184 1105/1105 1189/1189
f 1180/1180 1183/1183 1184/1184
f 1187/1187 1184/1184 1183/1183
f 1189/1189 1265/1265 1188/1188
f 1190/1190 1178/1178 1181/1181
f 1178/1178 1194/1194 1193/1193
f 1064/1064 1169/1169 1186/1186
f 1099/1099 1231/1231 1183/1183
f 1105/1105 1187/1187 1128/1128
f 1177/1177 1184/1184 1189/1189
f 1188/1188 1185/1185 1190/1190
f 1105/1105 1233/1233 1265/1265
f 1177/1177 1189/1189 1188/1188
f 1232/1232 1191/1191 1185/1185
f 1185/1185 1191/1191 1190/1190
f 1236/1236 1234/1234 1065/1065
f 1186/1186 1178/1178 1193/1193
f 1267/1267 1268/1268 1197/1197
f 1192/1192 1195/1195 1268/1268
f 1302/1302 1193/1193 1192/1192
f 1064/1064 1186/1186 1193/1193
f 1195/1195 1190/1190 1191/1191
f 1193/1193 1194/1194 1192/1192
f 1197/1197 1195/1195 1191/1191
f 1192/1192 1194/1194 1195/1195
f 1197/1197 1191/1191 1234/1234
f 1278/1278 1295/1295 1308/1308
f 1234/1234 1191/1191 1065/1065
f 1197/1197 1196/1196 1267/1267
f 1175/1175 1269/1269 1078/1078
f 1175/1175 1174/1174 1270/1270
f 1200/1200 1103/1103 1040/1040
f 1359/1359 1127/1127 1352/1352
f 1201/1201 1200/1200 1039/1039
f 1199/1199 1200/1200 1127/1127
f 1038/1038 1201/1201 1039/1039
f 1153/1153 1104/1104 1239/1239
f 1041/1041 1202/1202 1042/1042
f 1240/1240 1103/1103 1199/1199
f 1076/1076 1261/1261 1203/1203
f 1129/1129 1100/1100 1203/1203
f 1227/1227 1261/1261 1260/1260
f 1211/1211 1244/1244 1246/1246
f 1203/1203 1205/1205 1129/1129
f 1204/1204 1066/1066 1205/1205
f 1052/1052 1207/1207 1206/1206
f 1242/1242 851/851 1208/1208
f 1052/1052 1273/1273 1207/1207
f 854/854 1207/1207 1368/1368
f 1109/1109 1206/1206 1208/1208
f 1206/1206 1242/1242 1208/1208
f 1081/1081 1209/1209 1109/1109
f 1137/1137 1209/1209 1050/1050
f 1132/1132 1133/1133 1212/1212
f 1366/1366 1210/1210 1049/1049
f 1066/1066 1204/1204 1244/1244
f 1247/1247 1204/1204 1261/1261
f 1066/1066 1212/1212 1133/1133
f 1210/1210 1212/1212 1211/1211
f 1069/1069 1213/1213 1054/1054
f 1213/1213 1086/1086 873/873
f 1055/1055 1140/1140 1249/1249
f 866/866 1214/1214 867/867
f 1068/1068 1215/1215 1084/1084
f 1343/1343 1215/1215 1152/1152
f 1155/1155 1216/1216 1070/1070
f 1216/1216 1154/1154 1217/1217
f 1255/1255 1256/1256 1154/1154
f 1258/1258 1252/1252 1156/1156
f 1155/1155 1058/1058 1257/1257
f 1271/1271 1073/1073 1284/1284
f 1220/1220 1219/1219 1101/1101
f 1253/1253 1219/1219 1156/1156
f 1021/1021 1220/1220 1022/1022
f 1219/1219 1220/1220 1156/1156
f 1121/1121 1221/1221 989/989
f 1259/1259 1221/1221 1094/1094
f 1223/1223 1222/1222 1074/1074
f 1229/1229 1222/1222 1158/1158
f 1224/1224 1223/1223 1059/1059
f 1225/1225 1223/1223 1224/1224
f 1097/1097 1224/1224 1059/1059
f 1224/1224 1075/1075 1226/1226
f 1122/1122 1225/1225 1159/1159
f 1158/1158 1223/1223 1225/1225
f 1183/1183 1226/1226 1099/1099
f 1224/1224 1226/1226 1159/1159
f 1245/1245 1247/1247 1276/1276
f 1203/1203 1261/1261 1204/1204
f 1163/1163 1228/1228 1101/1101
f 1162/1162 1023/1023 1228/1228
f 1222/1222 1229/1229 1095/1095
f 1172/1172 1229/1229 1158/1158
f 1263/1263 1281/1281 1282/1282
f 1174/1174 1175/1175 1230/1230
f 1043/1043 1231/1231 1044/1044
f 1183/1183 1231/1231 1187/1187
f 1265/1265 1185/1185 1188/1188
f 1065/1065 1191/1191 1232/1232
f 1241/1241 1202/1202 1240/1240
f 1358/1358 1233/1233 1079/1079
f 1235/1235 1363/1363 1266/1266
f 1197/1197 1234/1234 1349/1349
f 1283/1283 1104/1104 1153/1153
f 1346/1346 1347/1347 1344/1344
f 1065/1065 1358/1358 1360/1360
f 1334/1334 1332/1332 1196/1196
f 1322/1322 1331/1331 1048/1048
f 1118/1118 1255/1255 1286/1286
f 1270/1270 1271/1271 1238/1238
f 1272/1272 1238/1238 1284/1284
f 1127/1127 1201/1201 1239/1239
f 1153/1153 1239/1239 1201/1201
f 1233/1233 1240/1240 1079/1079
f 1202/1202 1103/1103 1240/1240
f 1240/1240 1233/1233 1241/1241
f 1233/1233 1105/1105 1241/1241
f 1242/1242 852/852 851/851
f 1206/1206 1207/1207 1242/1242
f 1273/1273 1052/1052 1288/1288
f 1290/1290 1291/1291 1056/1056
f 1227/1227 1276/1276 1247/1247
f 1212/1212 1244/1244 1211/1211
f 1276/1276 1227/1227 1063/1063
f 1304/1304 1277/1277 1248/1248
f 1247/1247 1244/1244 1204/1204
f 1246/1246 1245/1245 1248/1248
f 1245/1245 1246/1246 1247/1247
f 1247/1247 1246/1246 1244/1244
f 1245/1245 1294/1294 1248/1248
f 1325/1325 1296/1296 1323/1323
f 868/868 1249/1249 869/869
f 1055/1055 1249/1249 1214/1214
f 1216/1216 1250/1250 1089/1089
f 1252/1252 1250/1250 1217/1217
f 1063/1063 1160/1160 1297/1297
f 1252/1252 1253/1253 1156/1156
f 1250/1250 1252/1252 1119/1119
f 1217/1217 1279/1279 1253/1253
f 1251/1251 1256/1256 1300/1300
f 1219/1219 1253/1253 1077/1077
f 1257/1257 1254/1254 1155/1155
f 1285/1285 1286/1286 1218/1218
f 1256/1256 1255/1255 1118/1118
f 1154/1154 1254/1254 1255/1255
f 1256/1256 1118/1118 1327/1327
f 1256/1256 1251/1251 1279/1279
f 1058/1058 1120/1120 1257/1257
f 1362/1362 1257/1257 1120/1120
f 1258/1258 1119/1119 1252/1252
f 1220/1220 1021/1021 1258/1258
f 1094/1094 1272/1272 1284/1284
f 1157/1157 1259/1259 1073/1073
f 1161/1161 1260/1260 1076/1076
f 1160/1160 1227/1227 1260/1260
f 1260/1260 1261/1261 1076/1076
f 1247/1247 1261/1261 1227/1227
f 1173/1173 1262/1262 1175/1175
f 1064/1064 1262/1262 1169/1169
f 1301/1301 1230/1230 1064/1064
f 1320/1320 1263/1263 1282/1282
f 1187/1187 1264/1264 1128/1128
f 1231/1231 1043/1043 1264/1264
f 1105/1105 1265/1265 1189/1189
f 1265/1265 1233/1233 1361/1361
f 1114/1114 1215/1215 1343/1343
f 1235/1235 1350/1350 1363/1363
f 1196/1196 1332/1332 1314/1314
f 1237/1237 1303/1303 1268/1268
f 1197/1197 1268/1268 1195/1195
f 1237/1237 1268/1268 1267/1267
f 1078/1078 1269/1269 1198/1198
f 1270/1270 1269/1269 1175/1175
f 1271/1271 1270/1270 1174/1174
f 1269/1269 1270/1270 1238/1238
f 1285/1285 1271/1271 1174/1174
f 1257/1257 1287/1287 1218/1218
f 1126/1126 1272/1272 1094/1094
f 1269/1269 1272/1272 1198/1198
f 1288/1288 1052/1052 1138/1138
f 1273/1273 1243/1243 1275/1275
f 1366/1366 1274/1274 1288/1288
f 1277/1277 1304/1304 1049/1049
f 1290/1290 1275/1275 1243/1243
f 856/856 1275/1275 1356/1356
f 1307/1307 1276/1276 1063/1063
f 1295/1295 1278/1278 1294/1294
f 1210/1210 1277/1277 1049/1049
f 1246/1246 1277/1277 1211/1211
f 1245/1245 1295/1295 1294/1294
f 1323/1323 1296/1296 1278/1278
f 1256/1256 1279/1279 1154/1154
f 1253/1253 1279/1279 1251/1251
f 1299/1299 1251/1251 1300/1300
f 1327/1327 1300/1300 1256/1256
f 1281/1281 1230/1230 1301/1301
f 1285/1285 1281/1281 1263/1263
f 1064/1064 1193/1193 1302/1302
f 1314/1314 1316/1316 1237/1237
f 1343/1343 1283/1283 1114/1114
f 1364/1364 1266/1266 1363/1363
f 1259/1259 1284/1284 1073/1073
f 1238/1238 1271/1271 1284/1284
f 1281/1281 1285/1285 1174/1174
f 1263/1263 1328/1328 1286/1286
f 1218/1218 1286/1286 1255/1255
f 1263/1263 1286/1286 1285/1285
f 1287/1287 1257/1257 1362/1362
f 1285/1285 1287/1287 1271/1271
f 1366/1366 1288/1288 1138/1138
f 1273/1273 1288/1288 1274/1274
f 1248/1248 1294/1294 1296/1296
f 1243/1243 1306/1306 1291/1291
f 1291/1291 1290/1290 1243/1243
f 1354/1354 1290/1290 1056/1056
f 1305/1305 1306/1306 1274/1274
f 1291/1291 1053/1053 1357/1357
f 1304/1304 1296/1296 1289/1289
f 1053/1053 1291/1291 1292/1292
f 1307/1307 1377/1377 1329/1329
f 1237/1237 1267/1267 1314/1314
f 1295/1295 1245/1245 1276/1276
f 1294/1294 1278/1278 1296/1296
f 1307/1307 1295/1295 1276/1276
f 1295/1295 1312/1312 1308/1308
f 1308/1308 1322/1322 1278/1278
f 1325/1325 1326/1326 1296/1296
f 1077/1077 1297/1297 1160/1160
f 1377/1377 1297/1297 1280/1280
f 1297/1297 1077/1077 1298/1298
f 1077/1077 1253/1253 1298/1298
f 1280/1280 1298/1298 1299/1299
f 1253/1253 1299/1299 1298/1298
f 1328/1328 1310/1310 1327/1327
f 1307/1307 1329/1329 1293/1293
f 1302/1302 1301/1301 1064/1064
f 1281/1281 1301/1301 1282/1282
f 1303/1303 1192/1192 1268/1268
f 1316/1316 1317/1317 1237/1237
f 1317/1317 1303/1303 1237/1237
f 1192/1192 1303/1303 1302/1302
f 1296/1296 1304/1304 1248/1248
f 1289/1289 1305/1305 1367/1367
f 1289/1289 1292/1292 1305/1305
f 1292/1292 1291/1291 1306/1306
f 1274/1274 1306/1306 1243/1243
f 1292/1292 1306/1306 1305/1305
f 1377/1377 1311/1311 1329/1329
f 1293/1293 1308/1308 1312/1312
f 1331/1331 1293/1293 1313/1313
f 1308/1308 1331/1331 1322/1322
f 1048/1048 1332/1332 1335/1335
f 1326/1326 1053/1053 1292/1292
f 1303/1303 1317/1317 1302/1302
f 1321/1321 1315/1315 1369/1369
f 1280/1280 1300/1300 1330/1330
f 1300/1300 1327/1327 1348/1348
f 1295/1295 1307/1307 1312/1312
f 1293/1293 1312/1312 1307/1307
f 1321/1321 1311/1311 1319/1319
f 1332/1332 1313/1313 1314/1314
f 1196/1196 1314/1314 1267/1267
f 1293/1293 1321/1321 1369/1369
f 1319/1319 1348/1348 1318/1318
f 1317/1317 1318/1318 1320/1320
f 1369/1369 1314/1314 1313/1313
f 1316/1316 1315/1315 1317/1317
f 1318/1318 1317/1317 1315/1315
f 1282/1282 1302/1302 1317/1317
f 1319/1319 1318/1318 1315/1315
f 1320/1320 1318/1318 1310/1310
f 1321/1321 1319/1319 1315/1315
f 1330/1330 1348/1348 1311/1311
f 1320/1320 1310/1310 1328/1328
f 1317/1317 1320/1320 1282/1282
f 1315/1315 1316/1316 1369/1369
f 1321/1321 1293/1293 1329/1329
f 1337/1337 1322/1322 1048/1048
f 1323/1323 1322/1322 1309/1309
f 1322/1322 1323/1323 1278/1278
f 1309/1309 1372/1372 1325/1325
f 1342/1342 1336/1336 1339/1339
f 1150/1150 1053/1053 1370/1370
f 1309/1309 1325/1325 1323/1323
f 1325/1325 1324/1324 1326/1326
f 1053/1053 1326/1326 1324/1324
f 1289/1289 1326/1326 1292/1292
f 1328/1328 1327/1327 1118/1118
f 1348/1348 1327/1327 1310/1310
f 1286/1286 1328/1328 1118/1118
f 1320/1320 1328/1328 1263/1263
f 1377/1377 1307/1307 1063/1063
f 1321/1321 1329/1329 1311/1311
f 1330/1330 1300/1300 1348/1348
f 1377/1377 1330/1330 1311/1311
f 1293/1293 1331/1331 1308/1308
f 1332/1332 1331/1331 1313/1313
f 1333/1333 1334/1334 1349/1349
f 1331/1331 1332/1332 1048/1048
f 1350/1350 1333/1333 1349/1349
f 1336/1336 1335/1335 1333/1333
f 1349/1349 1334/1334 1196/1196
f 1335/1335 1334/1334 1333/1333
f 1333/1333 1350/1350 1336/1336
f 1048/1048 1335/1335 1337/1337
f 1339/1339 1336/1336 1235/1235
f 1337/1337 1309/1309 1322/1322
f 1336/1336 1342/1342 1335/1335
f 1342/1342 1339/1339 1338/1338
f 1339/1339 1235/1235 1341/1341
f 1340/1340 1373/1373 1371/1371
f 1341/1341 1235/1235 1266/1266
f 1338/1338 1340/1340 1342/1342
f 1373/1373 1338/1338 1346/1346
f 1340/1340 1371/1371 1372/1372
f 1343/1343 1341/1341 1266/1266
f 1338/1338 1339/1339 1341/1341
f 1340/1340 1337/1337 1342/1342
f 1335/1335 1342/1342 1337/1337
f 1343/1343 1266/1266 1283/1283
f 1344/1344 1152/1152 1375/1375
f 1345/1345 1051/1051 1148/1148
f 1345/1345 1346/1346 1344/1344
f 1346/1346 1345/1345 1145/1145
f 1051/1051 1345/1345 1344/1344
f 1370/1370 1374/1374 1150/1150
f 1338/1338 1341/1341 1347/1347
f 1344/1344 1347/1347 1343/1343
f 1338/1338 1347/1347 1346/1346
f 1318/1318 1348/1348 1310/1310
f 1348/1348 1319/1319 1311/1311
f 1197/1197 1349/1349 1196/1196
f 1236/1236 1349/1349 1234/1234
f 1363/1363 1350/1350 1236/1236
f 1336/1336 1350/1350 1235/1235
f 1111/1111 1351/1351 1083/1083
f 1151/1151 1351/1351 1112/1112
f 1283/1283 1364/1364 1104/1104
f 1360/1360 1358/1358 1359/1359
f 860/860 1353/1353 861/861
f 1355/1355 1353/1353 1056/1056
f 858/858 1356/1356 859/859
f 1354/1354 859/859 1356/1356
f 1357/1357 1355/1355 1056/1056
f 1355/1355 1142/1142 1146/1146
f 857/857 1356/1356 858/858
f 1290/1290 1356/1356 1275/1275
f 1291/1291 1357/1357 1056/1056
f 1376/1376 1053/1053 1150/1150
f 1359/1359 1358/1358 1079/1079
f 1361/1361 1065/1065 1232/1232
f 1199/1199 1359/1359 1079/1079
f 1360/1360 1359/1359 1352/1352
f 1365/1365 1352/1352 1363/1363
f 1065/1065 1360/1360 1365/1365
f 1361/1361 1232/1232 1185/1185
f 1233/1233 1358/1358 1361/1361
f 1157/1157 1362/1362 1120/1120
f 1287/1287 1362/1362 1073/1073
f 1365/1365 1363/1363 1236/1236
f 1364/1364 1352/1352 1104/1104
f 1266/1266 1364/1364 1283/1283
f 1352/1352 1364/1364 1363/1363
f 1065/1065 1365/1365 1236/1236
f 1352/1352 1365/1365 1360/1360
f 1210/1210 1366/1366 1138/1138
f 1367/1367 1049/1049 1304/1304
f 1289/1289 1367/1367 1304/1304
f 1274/1274 1367/1367 1305/1305
f 1273/1273 1368/1368 1207/1207
f 856/856 1368/1368 1275/1275
f 1314/1314 1369/1369 1316/1316
f 1293/1293 1369/1369 1313/1313
f 1053/1053 1324/1324 1370/1370
f 1324/1324 1372/1372 1371/1371
f 1340/1340 1338/1338 1373/1373
f 1370/1370 1371/1371 1374/1374
f 1325/1325 1372/1372 1324/1324
f 1340/1340 1372/1372 1309/1309
f 1346/1346 1145/1145 1373/1373
f 1374/1374 1145/1145 1150/1150
f 1371/1371 1373/1373 1374/1374
f 1145/1145 1374/1374 1373/1373
f 1068/1068 1375/1375 1152/1152
f 1051/1051 1375/1375 1151/1151
f 1355/1355 1376/1376 1142/1142
f 1053/1053 1376/1376 1357/1357
f 1297/1297 1377/1377 1063/1063
f 1377/1377 1280/1280 1330/1330
